{
    "name": "root",
    "gauges": {
        "PlayerAgent.Policy.Entropy.mean": {
            "value": 1.4186242818832397,
            "min": 1.4186241626739502,
            "max": 1.418938398361206,
            "count": 7
        },
        "PlayerAgent.Policy.Entropy.sum": {
            "value": 32866.6875,
            "min": 12529.2890625,
            "max": 45406.02734375,
            "count": 7
        },
        "PlayerAgent.Step.mean": {
            "value": 89276.0,
            "min": 9000.0,
            "max": 89276.0,
            "count": 9
        },
        "PlayerAgent.Step.sum": {
            "value": 89276.0,
            "min": 9000.0,
            "max": 89276.0,
            "count": 9
        },
        "PlayerAgent.Policy.ExtrinsicBaselineEstimate.mean": {
            "value": 0.0009769207099452615,
            "min": 7.238546095322818e-05,
            "max": 0.0009769207099452615,
            "count": 9
        },
        "PlayerAgent.Policy.ExtrinsicBaselineEstimate.sum": {
            "value": 0.009769206866621971,
            "min": 0.0007238546386361122,
            "max": 0.009769206866621971,
            "count": 9
        },
        "PlayerAgent.Policy.ExtrinsicValueEstimate.mean": {
            "value": 0.0009769207099452615,
            "min": 7.238546095322818e-05,
            "max": 0.0009769207099452615,
            "count": 9
        },
        "PlayerAgent.Policy.ExtrinsicValueEstimate.sum": {
            "value": 0.009769206866621971,
            "min": 0.0007238546386361122,
            "max": 0.009769206866621971,
            "count": 9
        },
        "PlayerAgent.IsTraining.mean": {
            "value": 1.0,
            "min": 1.0,
            "max": 1.0,
            "count": 9
        },
        "PlayerAgent.IsTraining.sum": {
            "value": 1.0,
            "min": 1.0,
            "max": 1.0,
            "count": 9
        },
        "PlayerAgent.Losses.PolicyLoss.mean": {
            "value": 0.017405936267621453,
            "min": 0.017405936267621453,
            "max": 0.018641097672015248,
            "count": 2
        },
        "PlayerAgent.Losses.PolicyLoss.sum": {
            "value": 0.017405936267621453,
            "min": 0.017405936267621453,
            "max": 0.018641097672015248,
            "count": 2
        },
        "PlayerAgent.Losses.ValueLoss.mean": {
            "value": 0.0002831193117243755,
            "min": 0.0002831193117243755,
            "max": 0.0005867824563153132,
            "count": 2
        },
        "PlayerAgent.Losses.ValueLoss.sum": {
            "value": 0.0002831193117243755,
            "min": 0.0002831193117243755,
            "max": 0.0005867824563153132,
            "count": 2
        },
        "PlayerAgent.Losses.BaselineLoss.mean": {
            "value": 0.0002831193117243755,
            "min": 0.0002831193117243755,
            "max": 0.0005867824563153132,
            "count": 2
        },
        "PlayerAgent.Losses.BaselineLoss.sum": {
            "value": 0.0002831193117243755,
            "min": 0.0002831193117243755,
            "max": 0.0005867824563153132,
            "count": 2
        },
        "PlayerAgent.Policy.LearningRate.mean": {
            "value": 0.0003,
            "min": 0.0003,
            "max": 0.0003,
            "count": 2
        },
        "PlayerAgent.Policy.LearningRate.sum": {
            "value": 0.0003,
            "min": 0.0003,
            "max": 0.0003,
            "count": 2
        },
        "PlayerAgent.Policy.Epsilon.mean": {
            "value": 0.19999999999999993,
            "min": 0.19999999999999993,
            "max": 0.19999999999999993,
            "count": 2
        },
        "PlayerAgent.Policy.Epsilon.sum": {
            "value": 0.19999999999999993,
            "min": 0.19999999999999993,
            "max": 0.19999999999999993,
            "count": 2
        },
        "PlayerAgent.Policy.Beta.mean": {
            "value": 0.005000000000000001,
            "min": 0.005000000000000001,
            "max": 0.005000000000000001,
            "count": 2
        },
        "PlayerAgent.Policy.Beta.sum": {
            "value": 0.005000000000000001,
            "min": 0.005000000000000001,
            "max": 0.005000000000000001,
            "count": 2
        },
        "PlayerAgent.Environment.EpisodeLength.mean": {
            "value": 2275.0,
            "min": 2275.0,
            "max": 2275.0,
            "count": 1
        },
        "PlayerAgent.Environment.EpisodeLength.sum": {
            "value": 4550.0,
            "min": 4550.0,
            "max": 4550.0,
            "count": 1
        },
        "PlayerAgent.Self-play.ELO.mean": {
            "value": 1200.5,
            "min": 1200.5,
            "max": 1200.5,
            "count": 1
        },
        "PlayerAgent.Self-play.ELO.sum": {
            "value": 1200.5,
            "min": 1200.5,
            "max": 1200.5,
            "count": 1
        },
        "PlayerAgent.Environment.CumulativeReward.mean": {
            "value": 1.0,
            "min": 1.0,
            "max": 1.0,
            "count": 1
        },
        "PlayerAgent.Environment.CumulativeReward.sum": {
            "value": 1.0,
            "min": 1.0,
            "max": 1.0,
            "count": 1
        },
        "PlayerAgent.Policy.ExtrinsicReward.mean": {
            "value": 1.0,
            "min": 1.0,
            "max": 1.0,
            "count": 1
        },
        "PlayerAgent.Policy.ExtrinsicReward.sum": {
            "value": 1.0,
            "min": 1.0,
            "max": 1.0,
            "count": 1
        },
        "PlayerAgent.Environment.GroupCumulativeReward.mean": {
            "value": 0.0,
            "min": 0.0,
            "max": 0.0,
            "count": 1
        },
        "PlayerAgent.Environment.GroupCumulativeReward.sum": {
            "value": 0.0,
            "min": 0.0,
            "max": 0.0,
            "count": 1
        }
    },
    "metadata": {
        "timer_format_version": "0.1.0",
        "start_time_seconds": "1624272728",
        "python_version": "3.8.5 (default, Sep  3 2020, 21:29:08) [MSC v.1916 64 bit (AMD64)]",
        "command_line_arguments": "C:\\Users\\berk9\\UnityProjects\\Unity-ML-test\\venv\\Scripts\\mlagents-learn --run-id resetEnv2 .\\configuration.yaml",
        "mlagents_version": "0.27.0",
        "mlagents_envs_version": "0.27.0",
        "communication_protocol_version": "1.5.0",
        "pytorch_version": "1.9.0+cu111",
        "numpy_version": "1.18.5",
        "end_time_seconds": "1624273105"
    },
    "total": 376.6681069,
    "count": 1,
    "self": 0.014696799999967425,
    "children": {
        "run_training.setup": {
            "total": 0.16403020000000001,
            "count": 1,
            "self": 0.16403020000000001
        },
        "TrainerController.start_learning": {
            "total": 376.4893799,
            "count": 1,
            "self": 0.19848700000102326,
            "children": {
                "TrainerController._reset_env": {
                    "total": 21.4139366,
                    "count": 1,
                    "self": 21.4139366
                },
                "TrainerController.advance": {
                    "total": 354.574809199999,
                    "count": 6912,
                    "self": 0.19156239999790614,
                    "children": {
                        "env_step": {
                            "total": 311.76265580000074,
                            "count": 6912,
                            "self": 285.6710793000011,
                            "children": {
                                "SubprocessEnvManager._take_step": {
                                    "total": 25.965856200001053,
                                    "count": 6912,
                                    "self": 1.230909000001546,