{
    "name": "root",
    "gauges": {
        "PlayerAgent.Policy.Entropy.mean": {
            "value": 1.4164003133773804,
            "min": 1.4164003133773804,
            "max": 1.418556571006775,
            "count": 8
        },
        "PlayerAgent.Policy.Entropy.sum": {
            "value": 45324.80859375,
            "min": 45324.80859375,
            "max": 45393.80859375,
            "count": 8
        },
        "PlayerAgent.Step.mean": {
            "value": 219180.0,
            "min": 99276.0,
            "max": 219180.0,
            "count": 13
        },
        "PlayerAgent.Step.sum": {
            "value": 219180.0,
            "min": 99276.0,
            "max": 219180.0,
            "count": 13
        },
        "PlayerAgent.Policy.ExtrinsicBaselineEstimate.mean": {
            "value": -0.00931414682418108,
            "min": -0.00931414682418108,
            "max": 0.014985956251621246,
            "count": 13
        },
        "PlayerAgent.Policy.ExtrinsicBaselineEstimate.sum": {
            "value": -0.09314146637916565,
            "min": -0.09314146637916565,
            "max": 0.14985956251621246,
            "count": 13
        },
        "PlayerAgent.Policy.ExtrinsicValueEstimate.mean": {
            "value": -0.00931414682418108,
            "min": -0.00931414682418108,
            "max": 0.014985956251621246,
            "count": 13
        },
        "PlayerAgent.Policy.ExtrinsicValueEstimate.sum": {
            "value": -0.09314146637916565,
            "min": -0.09314146637916565,
            "max": 0.14985956251621246,
            "count": 13
        },
        "PlayerAgent.IsTraining.mean": {
            "value": 1.0,
            "min": 1.0,
            "max": 1.0,
            "count": 13
        },
        "PlayerAgent.IsTraining.sum": {
            "value": 1.0,
            "min": 1.0,
            "max": 1.0,
            "count": 13
        },
        "PlayerAgent.Losses.PolicyLoss.mean": {
            "value": 0.017496015361717177,
            "min": 0.016046097421268415,
            "max": 0.017496015361717177,
            "count": 3
        },
        "PlayerAgent.Losses.PolicyLoss.sum": {
            "value": 0.017496015361717177,
            "min": 0.016046097421268415,
            "max": 0.017496015361717177,
            "count": 3
        },
        "PlayerAgent.Losses.ValueLoss.mean": {
            "value": 0.0010975662580070397,
            "min": 0.0001856021859566681,
            "max": 0.0010975662580070397,
            "count": 3
        },
        "PlayerAgent.Losses.ValueLoss.sum": {
            "value": 0.0010975662580070397,
            "min": 0.0001856021859566681,
            "max": 0.0010975662580070397,
            "count": 3
        },
        "PlayerAgent.Losses.BaselineLoss.mean": {
            "value": 0.0010975662580070397,
            "min": 0.0001856021859566681,
            "max": 0.0010975662580070397,
            "count": 3
        },
        "PlayerAgent.Losses.BaselineLoss.sum": {
            "value": 0.0010975662580070397,
            "min": 0.0001856021859566681,
            "max": 0.0010975662580070397,
            "count": 3
        },
        "PlayerAgent.Policy.LearningRate.mean": {
            "value": 0.0003,
            "min": 0.0003,
            "max": 0.0003,
            "count": 3
        },
        "PlayerAgent.Policy.LearningRate.sum": {
            "value": 0.0003,
            "min": 0.0003,
            "max": 0.0003,
            "count": 3
        },
        "PlayerAgent.Policy.Epsilon.mean": {
            "value": 0.19999999999999993,
            "min": 0.19999999999999993,
            "max": 0.19999999999999993,
            "count": 3
        },
        "PlayerAgent.Policy.Epsilon.sum": {
            "value": 0.19999999999999993,
            "min": 0.19999999999999993,
            "max": 0.19999999999999993,
            "count": 3
        },
        "PlayerAgent.Policy.Beta.mean": {
            "value": 0.005000000000000001,
            "min": 0.005000000000000001,
            "max": 0.005000000000000001,
            "count": 3
        },
        "PlayerAgent.Policy.Beta.sum": {
            "value": 0.005000000000000001,
            "min": 0.005000000000000001,
            "max": 0.005000000000000001,
            "count": 3
        },
        "PlayerAgent.Environment.EpisodeLength.mean": {
            "value": 5147.0,
            "min": 4755.0,
            "max": 5147.0,
            "count": 2
        },
        "PlayerAgent.Environment.EpisodeLength.sum": {
            "value": 10294.0,
            "min": 9510.0,
            "max": 10294.0,
            "count": 2
        },
        "PlayerAgent.Self-play.ELO.mean": {
            "value": 1199.5014391117093,
            "min": 1199.5014391117093,
            "max": 1200.0,
            "count": 2
        },
        "PlayerAgent.Self-play.ELO.sum": {
            "value": 1199.5014391117093,
            "min": 1199.5014391117093,
            "max": 1200.0,
            "count": 2
        },
        "PlayerAgent.Environment.CumulativeReward.mean": {
            "value": 0.2437503170222044,
            "min": 0.2437503170222044,
            "max": 0.8424602150917053,
            "count": 2
        },
        "PlayerAgent.Environment.CumulativeReward.sum": {
            "value": 0.2437503170222044,
            "min": 0.2437503170222044,
            "max": 0.8424602150917053,
            "count": 2
        },
        "PlayerAgent.Policy.ExtrinsicReward.mean": {
            "value": 0.2437503170222044,
            "min": 0.2437503170222044,
            "max": 0.8424602150917053,
            "count": 2
        },
        "PlayerAgent.Policy.ExtrinsicReward.sum": {
            "value": 0.2437503170222044,
            "min": 0.2437503170222044,
            "max": 0.8424602150917053,
            "count": 2
        },
        "PlayerAgent.Environment.GroupCumulativeReward.mean": {
            "value": 0.0,
            "min": 0.0,
            "max": 0.0,
            "count": 2
        },
        "PlayerAgent.Environment.GroupCumulativeReward.sum": {
            "value": 0.0,
            "min": 0.0,
            "max": 0.0,
            "count": 2
        }
    },
    "metadata": {
        "timer_format_version": "0.1.0",
        "start_time_seconds": "1624311369",
        "python_version": "3.8.5 (default, Sep  3 2020, 21:29:08) [MSC v.1916 64 bit (AMD64)]",
        "command_line_arguments": "C:\\Users\\berk9\\UnityProjects\\Unity-ML-test\\venv\\Scripts\\mlagents-learn --resume --run-id resetEnv2 .\\configuration.yaml",
        "mlagents_version": "0.27.0",
        "mlagents_envs_version": "0.27.0",
        "communication_protocol_version": "1.5.0",
        "pytorch_version": "1.9.0+cu111",
        "numpy_version": "1.18.5",
        "end_time_seconds": "1624311859"
    },
    "total": 489.988753,
    "count": 1,
    "self": 0.021574099999952523,
    "children": {
        "run_training.setup": {
            "total": 0.20726559999999994,
            "count": 1,
            "self": 0.20726559999999994
        },
        "TrainerController.start_learning": {
            "total": 489.7599133,
            "count": 1,
            "self": 0.24328300000104264,
            "children": {
                "TrainerController._reset_env": {
                    "total": 11.885273600000033,
                    "count": 2,
                    "self": 11.885273600000033
                },
                "TrainerController.advance": {
                    "total": 477.27197879999886,
                    "count": 8939,
                    "self": 0.2511747999969316,
                    "children": {
                        "env_step": {
                            "total": 420.32314410000276,
                            "count": 8939,
                            "self": 386.36853799999585,