{"count":1,"self":19522.828697599998,"total":34994.3975895,"children":{"InitializeActuators":{"count":32,"self":0.0039976,"total":0.0039976,"children":null},"InitializeSensors":{"count":32,"self":0.0020019,"total":0.0020019,"children":null},"AgentSendState":{"count":1634801,"self":44.474592,"total":197.4990742,"children":{"CollectObservations":{"count":10463296,"self":20.697927999999997,"total":20.6979273,"children":null},"WriteActionMask":{"count":10463296,"self":7.273508,"total":7.2735083,"children":null},"RequestDecision":{"count":10463296,"self":33.4683008,"total":125.05304579999999,"children":{"AgentInfo.ToProto":{"count":10463296,"self":25.227368,"total":91.5847455,"children":{"GenerateSensorData":{"count":10463296,"self":66.357376,"total":66.3573771,"children":null}}}}}}},"DecideAction":{"count":1634801,"self":15170.256895999999,"total":15170.256228299999,"children":null},"AgentAct":{"count":1634801,"self":103.2894784,"total":103.8006633,"children":{"AgentInfo.ToProto":{"count":52048,"self":0.128911,"total":0.5111878,"children":{"GenerateSensorData":{"count":52048,"self":0.38227679999999997,"total":0.38227679999999997,"children":null}}}}},"AgentInfo.ToProto":{"count":382,"self":0.0019978,"total":0.0049959,"children":{"GenerateSensorData":{"count":382,"self":0.0029981,"total":0.0029981,"children":null}}}},"gauges":{"PlayerAgent.CumulativeReward":{"count":52430,"max":1.2,"min":-0.5,"runningAverage":0.135916278,"value":0.179999664,"weightedAverage":0.168218136}},"metadata":{"timer_format_version":"0.1.0","start_time_seconds":"1624151234","unity_version":"2020.3.11f1","command_line_arguments":"C:\\Program Files\\Unity\\Hub\\Editor\\2020.3.11f1\\Editor\\Unity.exe -projectpath C:\/Users\/berk9\/UnityProjects\/Unity-ML-test -useHub -hubIPC -cloudEnvironment production -hubSessionId 0f609220-d12e-11eb-849a-313c6a16e23a -accessToken KuXhEWq225bPOa5_yVLD-OBR4Gk0ViRu3zwiSH3y-gk011f","communication_protocol_version":"1.5.0","com.unity.ml-agents_version":"1.9.1-preview","scene_name":"AirHockerBoard","end_time_seconds":"1624186228"}}