{"count":1,"self":12.754911199999999,"total":113.4200874,"children":{"InitializeActuators":{"count":32,"self":0.0020033,"total":0.0020033,"children":null},"InitializeSensors":{"count":32,"self":0.0020076,"total":0.0020076,"children":null},"AgentSendState":{"count":14667,"self":0.2703213,"total":1.4571117999999998,"children":{"CollectObservations":{"count":93920,"self":0.14956339999999999,"total":0.14956339999999999,"children":null},"WriteActionMask":{"count":93920,"self":0.0423065,"total":0.0423065,"children":null},"RequestDecision":{"count":93920,"self":0.2393197,"total":0.99492059999999993,"children":{"AgentInfo.ToProto":{"count":93920,"self":0.19017989999999999,"total":0.7556009,"children":{"GenerateSensorData":{"count":93920,"self":0.565421,"total":0.565421,"children":null}}}}}}},"DecideAction":{"count":14667,"self":98.5288192,"total":98.5288209,"children":null},"AgentAct":{"count":14667,"self":0.656585,"total":0.656585,"children":null},"AgentInfo.ToProto":{"count":962,"self":0.0030242999999999997,"total":0.016650099999999998,"children":{"GenerateSensorData":{"count":962,"self":0.013625799999999999,"total":0.013625799999999999,"children":null}}}},"gauges":{"PlayerAgent.CumulativeReward":{"count":962,"max":1.454596,"min":-1.30930209,"runningAverage":0.0908845738,"value":-0.7314041,"weightedAverage":-0.0440506041}},"metadata":{"timer_format_version":"0.1.0","start_time_seconds":"1624342008","unity_version":"2020.3.11f1","command_line_arguments":"C:\\Program Files\\Unity\\Hub\\Editor\\2020.3.11f1\\Editor\\Unity.exe -projectpath C:\/Users\/ensar\/ml-test -useHub -hubIPC -cloudEnvironment production -hubSessionId c17090f0-d2dc-11eb-a1bf-e135a250e900 -accessToken ZO4xsP0LXZb8hroGyqmp7bg9rXXaMr6-L_ruKN3WGUs011f","communication_protocol_version":"1.5.0","com.unity.ml-agents_version":"1.9.1-preview","scene_name":"AirHockerBoard","end_time_seconds":"1624342121"}}