{"count":1,"self":73.7702912,"total":220.7400964,"children":{"InitializeActuators":{"count":8,"self":0.00099899999999999989,"total":0.00099899999999999989,"children":null},"InitializeSensors":{"count":8,"self":0.0010004999999999999,"total":0.0010004999999999999,"children":null},"AgentSendState":{"count":58084,"self":0.46153239999999995,"total":1.7072402,"children":{"CollectObservations":{"count":92992,"self":0.17697279999999999,"total":0.17697279999999999,"children":null},"WriteActionMask":{"count":92992,"self":0.0577335,"total":0.0577335,"children":null},"RequestDecision":{"count":92992,"self":0.2575897,"total":1.0110014999999999,"children":{"AgentInfo.ToProto":{"count":92992,"self":0.1989127,"total":0.7534118,"children":{"GenerateSensorData":{"count":92992,"self":0.5544991,"total":0.5544991,"children":null}}}}}}},"DecideAction":{"count":58084,"self":144.3660928,"total":144.3660912,"children":null},"AgentAct":{"count":58084,"self":0.8845018,"total":0.8884797,"children":{"AgentInfo.ToProto":{"count":414,"self":0,"total":0.0039778999999999995,"children":{"GenerateSensorData":{"count":414,"self":0.0039778999999999995,"total":0.0039778999999999995,"children":null}}}}},"AgentInfo.ToProto":{"count":98,"self":0.002,"total":0.0039995,"children":{"GenerateSensorData":{"count":98,"self":0.0019995,"total":0.0019995,"children":null}}}},"gauges":{"PlayerAgent.CumulativeReward":{"count":512,"max":1,"min":0,"runningAverage":0.191406161,"value":0,"weightedAverage":0.381524026}},"metadata":{"timer_format_version":"0.1.0","start_time_seconds":"1623863494","unity_version":"2020.3.11f1","command_line_arguments":"C:\\Program Files\\Unity\\Hub\\Editor\\2020.3.11f1\\Editor\\Unity.exe -projectpath C:\/Users\/ensar\/ML-test -useHub -hubIPC -cloudEnvironment production -hubSessionId 93ae2a90-cea6-11eb-b01a-d7de386ee1d1 -accessToken m54Nyhm1UPiXg41J0XApl9S9c0LOPVEgRvWaTiUaeSk011f","communication_protocol_version":"1.5.0","com.unity.ml-agents_version":"1.9.1-preview","scene_name":"AirHockerBoard","end_time_seconds":"1623863714"}}