{"count":1,"self":10.291896,"total":62.340855499999996,"children":{"InitializeActuators":{"count":16,"self":0.0019979999999999998,"total":0.0019979999999999998,"children":null},"InitializeSensors":{"count":16,"self":0.0019952999999999998,"total":0.0019952999999999998,"children":null},"AgentSendState":{"count":7751,"self":0.1339715,"total":0.67274689999999993,"children":{"CollectObservations":{"count":24816,"self":0.056920099999999994,"total":0.056920099999999994,"children":null},"WriteActionMask":{"count":24816,"self":0.015998699999999998,"total":0.015998699999999998,"children":null},"RequestDecision":{"count":24816,"self":0.110954,"total":0.46585659999999995,"children":{"AgentInfo.ToProto":{"count":24816,"self":0.0989731,"total":0.35490259999999996,"children":{"GenerateSensorData":{"count":24816,"self":0.2559295,"total":0.2559295,"children":null}}}}}}},"DecideAction":{"count":7751,"self":51.048134399999995,"total":51.0481342,"children":null},"AgentAct":{"count":7751,"self":0.32008729999999996,"total":0.3220867,"children":{"AgentInfo.ToProto":{"count":112,"self":0,"total":0.0019993999999999997,"children":{"GenerateSensorData":{"count":112,"self":0.0019993999999999997,"total":0.0019993999999999997,"children":null}}}}}},"gauges":{"PlayerAgent.CumulativeReward":{"count":112,"max":1,"min":0,"runningAverage":0.0267857146,"value":0,"weightedAverage":0.000334758661}},"metadata":{"timer_format_version":"0.1.0","start_time_seconds":"1623874281","unity_version":"2020.3.11f1","command_line_arguments":"C:\\Program Files\\Unity\\Hub\\Editor\\2020.3.11f1\\Editor\\Unity.exe -projectpath C:\/Users\/berk9\/UnityProjects\/Unity-ML-test -useHub -hubIPC -cloudEnvironment production -hubSessionId a3ddfbb0-cea2-11eb-9564-ed18a468a3a9 -accessToken I8-KEeAjIDPNZ3cpLupFc48Ayatif7x1uP-l9eX0SRI011f","communication_protocol_version":"1.5.0","com.unity.ml-agents_version":"1.9.0-preview","scene_name":"AirHockerBoard","end_time_seconds":"1623874343"}}