{"count":1,"self":104.10535039999999,"total":864.2227564,"children":{"InitializeActuators":{"count":48,"self":0.0040068,"total":0.0040068,"children":null},"InitializeSensors":{"count":48,"self":0.0019951,"total":0.0019951,"children":null},"AgentSendState":{"count":68901,"self":2.424093,"total":10.9007062,"children":{"CollectObservations":{"count":661536,"self":1.1360987999999999,"total":1.1360987999999999,"children":null},"WriteActionMask":{"count":661536,"self":0.3699615,"total":0.3699615,"children":null},"RequestDecision":{"count":661536,"self":1.7212311999999999,"total":6.9705528999999995,"children":{"AgentInfo.ToProto":{"count":661536,"self":1.4660765999999998,"total":5.2493216999999994,"children":{"GenerateSensorData":{"count":661536,"self":3.7832451999999996,"total":3.7832451,"children":null}}}}}}},"DecideAction":{"count":68901,"self":743.536384,"total":743.5363626,"children":null},"AgentAct":{"count":68901,"self":5.5263491999999994,"total":5.5574483,"children":{"AgentInfo.ToProto":{"count":2220,"self":0.0090566999999999991,"total":0.031099099999999998,"children":{"GenerateSensorData":{"count":2220,"self":0.0220424,"total":0.0220424,"children":null}}}}},"AgentInfo.ToProto":{"count":7054,"self":0.0439586,"total":0.1148858,"children":{"GenerateSensorData":{"count":7054,"self":0.0709272,"total":0.0709272,"children":null}}}},"gauges":{"PlayerAgent.CumulativeReward":{"count":9274,"max":1,"min":-1,"runningAverage":4.09482483E-11,"value":0,"weightedAverage":-0.04876052}},"metadata":{"timer_format_version":"0.1.0","start_time_seconds":"1623878054","unity_version":"2020.3.11f1","command_line_arguments":"C:\\Program Files\\Unity\\Hub\\Editor\\2020.3.11f1\\Editor\\Unity.exe -projectpath C:\/Users\/ensar\/ML-test -useHub -hubIPC -cloudEnvironment production -hubSessionId 93ae2a90-cea6-11eb-b01a-d7de386ee1d1 -accessToken m54Nyhm1UPiXg41J0XApl9S9c0LOPVEgRvWaTiUaeSk011f","communication_protocol_version":"1.5.0","com.unity.ml-agents_version":"1.9.1-preview","scene_name":"AirHockerBoard","end_time_seconds":"1623878918"}}