{
    "name": "root",
    "gauges": {
        "PlayerAgent.Policy.Entropy.mean": {
            "value": 1.4043668508529663,
            "min": 1.4043668508529663,
            "max": 1.4043668508529663,
            "count": 1
        },
        "PlayerAgent.Policy.Entropy.sum": {
            "value": 13481.921875,
            "min": 13481.921875,
            "max": 13481.921875,
            "count": 1
        },
        "PlayerAgent.Environment.EpisodeLength.mean": {
            "value": 195.79166666666666,
            "min": 195.79166666666666,
            "max": 195.79166666666666,
            "count": 1
        },
        "PlayerAgent.Environment.EpisodeLength.sum": {
            "value": 9398.0,
            "min": 9398.0,
            "max": 9398.0,
            "count": 1
        },
        "PlayerAgent.Step.mean": {
            "value": 99868.0,
            "min": 99868.0,
            "max": 99868.0,
            "count": 1
        },
        "PlayerAgent.Step.sum": {
            "value": 99868.0,
            "min": 99868.0,
            "max": 99868.0,
            "count": 1
        },
        "PlayerAgent.Policy.ExtrinsicBaselineEstimate.mean": {
            "value": 0.0015458049019798636,
            "min": 0.0015458049019798636,
            "max": 0.0015458049019798636,
            "count": 1
        },
        "PlayerAgent.Policy.ExtrinsicBaselineEstimate.sum": {
            "value": 0.0633779987692833,
            "min": 0.0633779987692833,
            "max": 0.0633779987692833,
            "count": 1
        },
        "PlayerAgent.Policy.ExtrinsicValueEstimate.mean": {
            "value": 0.0015458049019798636,
            "min": 0.0015458049019798636,
            "max": 0.0015458049019798636,
            "count": 1
        },
        "PlayerAgent.Policy.ExtrinsicValueEstimate.sum": {
            "value": 0.0633779987692833,
            "min": 0.0633779987692833,
            "max": 0.0633779987692833,
            "count": 1
        },
        "PlayerAgent.Environment.CumulativeReward.mean": {
            "value": 0.024390243902439025,
            "min": 0.024390243902439025,
            "max": 0.024390243902439025,
            "count": 1
        },
        "PlayerAgent.Environment.CumulativeReward.sum": {
            "value": 1.0,
            "min": 1.0,
            "max": 1.0,
            "count": 1
        },
        "PlayerAgent.Policy.ExtrinsicReward.mean": {
            "value": 0.024390243902439025,
            "min": 0.024390243902439025,
            "max": 0.024390243902439025,
            "count": 1
        },
        "PlayerAgent.Policy.ExtrinsicReward.sum": {
            "value": 1.0,
            "min": 1.0,
            "max": 1.0,
            "count": 1
        },
        "PlayerAgent.Environment.GroupCumulativeReward.mean": {
            "value": 0.0,
            "min": 0.0,
            "max": 0.0,
            "count": 1
        },
        "PlayerAgent.Environment.GroupCumulativeReward.sum": {
            "value": 0.0,
            "min": 0.0,
            "max": 0.0,
            "count": 1
        },
        "PlayerAgent.Self-play.ELO.mean": {
            "value": 1200.0988732683213,
            "min": 1200.0988732683213,
            "max": 1200.0988732683213,
            "count": 1
        },
        "PlayerAgent.Self-play.ELO.sum": {
            "value": 1200.0988732683213,
            "min": 1200.0988732683213,
            "max": 1200.0988732683213,
            "count": 1
        },
        "PlayerAgent.IsTraining.mean": {
            "value": 1.0,
            "min": 1.0,
            "max": 1.0,
            "count": 1
        },
        "PlayerAgent.IsTraining.sum": {
            "value": 1.0,
            "min": 1.0,
            "max": 1.0,
            "count": 1
        }
    },
    "metadata": {
        "timer_format_version": "0.1.0",
        "start_time_seconds": "1623864046",
        "python_version": "3.9.5 (tags/v3.9.5:0a7dcbd, May  3 2021, 17:27:52) [MSC v.1928 64 bit (AMD64)]",
        "command_line_arguments": "C:\\Users\\ensar\\ML-test\\venv\\Scripts\\mlagents-learn --run-id goal .\\configuration.yaml --resume",
        "mlagents_version": "0.27.0",
        "mlagents_envs_version": "0.27.0",
        "communication_protocol_version": "1.5.0",
        "pytorch_version": "1.9.0+cu111",
        "numpy_version": "1.19.5",
        "end_time_seconds": "1623864084"
    },
    "total": 37.430265199999994,
    "count": 1,
    "self": 0.008316799999988689,
    "children": {
        "run_training.setup": {
            "total": 0.12947810000000004,
            "count": 1,
            "self": 0.12947810000000004
        },
        "TrainerController.start_learning": {
            "total": 37.292470300000005,
            "count": 1,
            "self": 0.025972300000013604,
            "children": {
                "TrainerController._reset_env": {
                    "total": 16.141301400000003,
                    "count": 1,
                    "self": 16.141301400000003
                },
                "TrainerController.advance": {
                    "total": 20.961938699999987,
                    "count": 1241,
                    "self": 0.024443000000026416,
                    "children": {
                        "env_step": {
                            "total": 20.152516600000023,
                            "count": 1241,
                            "self": 17.58313269999986,
                            "children": {
                                "SubprocessEnvManager._take_step": {
                                    "total": 2.5542842000000903,
                                    "count": 1241,
                                    "self": 0.08811580000004682,
                                    "children": {
                                        "TorchPolicy.evaluate": {
                                            "total": 2.4661684000000434,
                                            "count": 1241,
                                            "self": 1.0024495000000258,
                                            "children": {
                                                "TorchPolicy.sample_actions": {
                                                    "total": 1.4637189000000177,
                                                    "count": 1241,
                                                    "self": 1.4637189000000177
                                                }
                                            }
                                        }
                                    }
                                },
                                "workers": {
                                    "total": 0.015099700000071437,
                                    "count": 1240,
                                    "self": 0.0,
                                    "children": {
                                        "worker_root": {
                                            "total": 25.0977982000001,
                                            "count": 1240,
                                            "is_parallel": true,
                                            "self": 9.040274500000137,
                                            "children": {
                                                "steps_from_proto": {
                                                    "total": 0.0004869000000002899,
                                                    "count": 1,
                                                    "is_parallel": true,
                                                    "self": 0.00018840000000075463,
                                                    "children": {
                                                        "_process_rank_one_or_two_observation": {
                                                            "total": 0.00029849999999953525,
                                                            "count": 2,