{
    "name": "root",
    "gauges": {
        "PlayerAgent.Policy.Entropy.mean": {
            "value": 1.417667031288147,
            "min": 1.417667031288147,
            "max": 1.417667031288147,
            "count": 1
        },
        "PlayerAgent.Policy.Entropy.sum": {
            "value": 71677.2421875,
            "min": 71677.2421875,
            "max": 71677.2421875,
            "count": 1
        },
        "PlayerAgent.Step.mean": {
            "value": 49997.0,
            "min": 49997.0,
            "max": 49997.0,
            "count": 1
        },
        "PlayerAgent.Step.sum": {
            "value": 49997.0,
            "min": 49997.0,
            "max": 49997.0,
            "count": 1
        },
        "PlayerAgent.Policy.ExtrinsicValueEstimate.mean": {
            "value": -2.915220260620117,
            "min": -2.915220260620117,
            "max": -2.915220260620117,
            "count": 1
        },
        "PlayerAgent.Policy.ExtrinsicValueEstimate.sum": {
            "value": -2891.8984375,
            "min": -2891.8984375,
            "max": -2891.8984375,
            "count": 1
        },
        "PlayerAgent.Environment.EpisodeLength.mean": {
            "value": 192.34274193548387,
            "min": 192.34274193548387,
            "max": 192.34274193548387,
            "count": 1
        },
        "PlayerAgent.Environment.EpisodeLength.sum": {
            "value": 47701.0,
            "min": 47701.0,
            "max": 47701.0,
            "count": 1
        },
        "PlayerAgent.Environment.CumulativeReward.mean": {
            "value": 0.04435483870967742,
            "min": 0.04435483870967742,
            "max": 0.04435483870967742,
            "count": 1
        },
        "PlayerAgent.Environment.CumulativeReward.sum": {
            "value": 11.0,
            "min": 11.0,
            "max": 11.0,
            "count": 1
        },
        "PlayerAgent.Policy.ExtrinsicReward.mean": {
            "value": 0.04435483870967742,
            "min": 0.04435483870967742,
            "max": 0.04435483870967742,
            "count": 1
        },
        "PlayerAgent.Policy.ExtrinsicReward.sum": {
            "value": 11.0,
            "min": 11.0,
            "max": 11.0,
            "count": 1
        },
        "PlayerAgent.Losses.PolicyLoss.mean": {
            "value": 0.021940711832091137,
            "min": 0.021940711832091137,
            "max": 0.021940711832091137,
            "count": 1
        },
        "PlayerAgent.Losses.PolicyLoss.sum": {
            "value": 0.08776284732836455,
            "min": 0.08776284732836455,
            "max": 0.08776284732836455,
            "count": 1
        },
        "PlayerAgent.Losses.ValueLoss.mean": {
            "value": 0.09406610135920346,
            "min": 0.09406610135920346,
            "max": 0.09406610135920346,
            "count": 1
        },
        "PlayerAgent.Losses.ValueLoss.sum": {
            "value": 0.37626440543681383,
            "min": 0.37626440543681383,
            "max": 0.37626440543681383,
            "count": 1
        },
        "PlayerAgent.Policy.LearningRate.mean": {
            "value": 0.00028411185529605,
            "min": 0.00028411185529605,
            "max": 0.00028411185529605,
            "count": 1
        },
        "PlayerAgent.Policy.LearningRate.sum": {
            "value": 0.0011364474211842,
            "min": 0.0011364474211842,
            "max": 0.0011364474211842,
            "count": 1
        },
        "PlayerAgent.Policy.Epsilon.mean": {
            "value": 0.19470395000000001,
            "min": 0.19470395000000001,
            "max": 0.19470395000000001,
            "count": 1
        },
        "PlayerAgent.Policy.Epsilon.sum": {
            "value": 0.7788158000000001,
            "min": 0.7788158000000001,
            "max": 0.7788158000000001,
            "count": 1
        },
        "PlayerAgent.Policy.Beta.mean": {
            "value": 0.004735727105,
            "min": 0.004735727105,
            "max": 0.004735727105,
            "count": 1
        },
        "PlayerAgent.Policy.Beta.sum": {
            "value": 0.01894290842,
            "min": 0.01894290842,
            "max": 0.01894290842,
            "count": 1
        },
        "PlayerAgent.Self-play.ELO.mean": {
            "value": 1200.0059938912127,
            "min": 1200.0059938912127,
            "max": 1200.0059938912127,
            "count": 1
        },
        "PlayerAgent.Self-play.ELO.sum": {
            "value": 13200.06593280334,
            "min": 13200.06593280334,
            "max": 13200.06593280334,
            "count": 1
        },
        "PlayerAgent.IsTraining.mean": {
            "value": 1.0,
            "min": 1.0,
            "max": 1.0,
            "count": 1
        },
        "PlayerAgent.IsTraining.sum": {
            "value": 1.0,
            "min": 1.0,
            "max": 1.0,
            "count": 1
        }
    },
    "metadata": {
        "timer_format_version": "0.1.0",
        "start_time_seconds": "1623863487",
        "python_version": "3.9.5 (tags/v3.9.5:0a7dcbd, May  3 2021, 17:27:52) [MSC v.1928 64 bit (AMD64)]",
        "command_line_arguments": "C:\\Users\\ensar\\ML-test\\venv\\Scripts\\mlagents-learn --run-id goal .\\configuration.yaml",
        "mlagents_version": "0.27.0",
        "mlagents_envs_version": "0.27.0",
        "communication_protocol_version": "1.5.0",
        "pytorch_version": "1.9.0+cu111",
        "numpy_version": "1.19.5",
        "end_time_seconds": "1623863705"
    },
    "total": 217.9144757,
    "count": 1,
    "self": 0.006207500000016353,
    "children": {
        "run_training.setup": {
            "total": 0.12253040000000004,
            "count": 1,
            "self": 0.12253040000000004
        },
        "TrainerController.start_learning": {
            "total": 217.7857378,
            "count": 1,
            "self": 0.2522702999993953,
            "children": {
                "TrainerController._reset_env": {
                    "total": 10.79133450000003,
                    "count": 10,
                    "self": 10.79133450000003
                },
                "TrainerController.advance": {
                    "total": 206.63657340000054,
                    "count": 11777,
                    "self": 0.24410790000263205,
                    "children": {
                        "env_step": {
                            "total": 183.31079109999945,
                            "count": 11777,
                            "self": 162.4019102999978,
                            "children": {
                                "SubprocessEnvManager._take_step": {
                                    "total": 20.7566819000002,
                                    "count": 11777,
                                    "self": 0.8326364999996017,
                                    "children": {
                                        "TorchPolicy.evaluate": {
                                            "total": 19.924045400000598,
                                            "count": 11612,
                                            "self": 9.60901510000142,
                                            "children": {
                                                "TorchPolicy.sample_actions": {
                                                    "total": 10.315030299999178,
                                                    "count": 11612,
                                                    "self": 10.315030299999178
                                                }
                                            }
                                        }
                                    }
                                },
                                "workers": {
                                    "total": 0.15219890000144787,
                                    "count": 11776,
                                    "self": 0.0,