{
    "name": "root",
    "metadata": {
        "timer_format_version": "0.1.0",
        "start_time_seconds": "1623789118",
        "python_version": "3.9.5 (tags/v3.9.5:0a7dcbd, May  3 2021, 17:27:52) [MSC v.1928 64 bit (AMD64)]",
        "command_line_arguments": "C:\\Users\\ensar\\ML-test\\venv\\Scripts\\mlagents-learn --run-id test1 --force .\\configuration.yaml",
        "mlagents_version": "0.27.0",
        "mlagents_envs_version": "0.27.0",
        "communication_protocol_version": "1.5.0",
        "pytorch_version": "1.7.1+cpu",
        "numpy_version": "1.19.5",
        "end_time_seconds": "1623789231"
    },
    "total": 113.0611201,
    "count": 1,
    "self": 0.013494299999990744,
    "children": {
        "run_training.setup": {
            "total": 0.1531283000000001,
            "count": 1,
            "self": 0.1531283000000001
        },
        "TrainerController.start_learning": {
            "total": 112.8944975,
            "count": 1,
            "self": 0.11488099999982637,
            "children": {
                "TrainerController._reset_env": {
                    "total": 12.710742199999999,
                    "count": 3,
                    "self": 12.710742199999999
                },
                "TrainerController.advance": {
                    "total": 99.92233560000018,
                    "count": 3832,
                    "self": 0.12238269999993179,
                    "children": {
                        "env_step": {
                            "total": 91.31414229999976,
                            "count": 3832,
                            "self": 83.26441449999918,
                            "children": {
                                "SubprocessEnvManager._take_step": {
                                    "total": 7.976764800000145,
                                    "count": 3832,
                                    "self": 0.7265774999997436,
                                    "children": {
                                        "TorchPolicy.evaluate": {
                                            "total": 7.250187300000402,
                                            "count": 7586,
                                            "self": 1.467481000001122,
                                            "children": {
                                                "TorchPolicy.sample_actions": {
                                                    "total": 5.78270629999928,
                                                    "count": 7586,
                                                    "self": 5.78270629999928
                                                }
                                            }
                                        }
                                    }
                                },
                                "workers": {
                                    "total": 0.07296300000044198,
                                    "count": 3831,
                                    "self": 0.0,
                                    "children": {
                                        "worker_root": {
                                            "total": 102.86420050000046,
                                            "count": 3831,
                                            "is_parallel": true,
                                            "self": 27.99774470000024,
                                            "children": {
                                                "steps_from_proto": {
                                                    "total": 0.0019016999999905693,
                                                    "count": 6,
                                                    "is_parallel": true,
                                                    "self": 0.0008028999999769582,
                                                    "children": {
                                                        "_process_rank_one_or_two_observation": {
                                                            "total": 0.0010988000000136111,
                                                            "count": 12,
                                                            "is_parallel": true,
                                                            "self": 0.0010988000000136111
                                                        }
                                                    }
                                                },
                                                "UnityEnvironment.step": {
                                                    "total": 74.86455410000023,
                                                    "count": 3831,
                                                    "is_parallel": true,
                                                    "self": 0.568955400000263,
                                                    "children": {
                                                        "UnityEnvironment._generate_step_input": {
                                                            "total": 4.419590500000293,
                                                            "count": 3831,
                                                            "is_parallel": true,
                                                            "self": 4.419590500000293
                                                        },
                                                        "communicator.exchange": {
                                                            "total": 67.3099159000002,
                                                            "count": 3831,
                                                            "is_parallel": true,
                                                            "self": 67.3099159000002
                                                        },
                                                        "steps_from_proto": {
                                                            "total": 2.566092299999463,
                                                            "count": 7662,
                                                            "is_parallel": true,
                                                            "self": 1.0772435999995054,
                                                            "children": {
                                                                "_process_rank_one_or_two_observation": {
                                                                    "total": 1.4888486999999575,
                                                                    "count": 15324,
                                                                    "is_parallel": true,
                                                                    "self": 1.4888486999999575
                                                                }
                                                            }
                                                        }
                                                    }
                                                }
                                            }
                                        }
                                    }
                                }
                            }
                        },
                        "trainer_advance": {
                            "total": 8.485810600000494,
                            "count": 3831,
                            "self": 0.37811920000046584,
                            "children": {
                                "process_trajectory": {
                                    "total": 2.3490861000000223,
                                    "count": 3831,
                                    "self": 2.3490861000000223
                                },
                                "_update_policy": {
                                    "total": 5.758605300000006,