{
    "name": "root",
    "gauges": {
        "PlayerAgent.Policy.Entropy.mean": {
            "value": 1.3708534240722656,
            "min": 1.3708534240722656,
            "max": 1.3708534240722656,
            "count": 1
        },
        "PlayerAgent.Policy.Entropy.sum": {
            "value": 13182.126953125,
            "min": 13182.126953125,
            "max": 13182.126953125,
            "count": 1
        },
        "PlayerAgent.Environment.EpisodeLength.mean": {
            "value": 199.0,
            "min": 199.0,
            "max": 199.0,
            "count": 1
        },
        "PlayerAgent.Environment.EpisodeLength.sum": {
            "value": 9552.0,
            "min": 9552.0,
            "max": 9552.0,
            "count": 1
        },
        "PlayerAgent.Step.mean": {
            "value": 619982.0,
            "min": 619982.0,
            "max": 619982.0,
            "count": 1
        },
        "PlayerAgent.Step.sum": {
            "value": 619982.0,
            "min": 619982.0,
            "max": 619982.0,
            "count": 1
        },
        "PlayerAgent.Policy.ExtrinsicBaselineEstimate.mean": {
            "value": 0.3186703622341156,
            "min": 0.3186703622341156,
            "max": 0.3186703622341156,
            "count": 1
        },
        "PlayerAgent.Policy.ExtrinsicBaselineEstimate.sum": {
            "value": 5.09872579574585,
            "min": 5.09872579574585,
            "max": 5.09872579574585,
            "count": 1
        },
        "PlayerAgent.Policy.ExtrinsicValueEstimate.mean": {
            "value": 0.3186703622341156,
            "min": 0.3186703622341156,
            "max": 0.3186703622341156,
            "count": 1
        },
        "PlayerAgent.Policy.ExtrinsicValueEstimate.sum": {
            "value": 5.09872579574585,
            "min": 5.09872579574585,
            "max": 5.09872579574585,
            "count": 1
        },
        "PlayerAgent.Environment.CumulativeReward.mean": {
            "value": 0.0,
            "min": 0.0,
            "max": 0.0,
            "count": 1
        },
        "PlayerAgent.Environment.CumulativeReward.sum": {
            "value": 0.0,
            "min": 0.0,
            "max": 0.0,
            "count": 1
        },
        "PlayerAgent.Policy.ExtrinsicReward.mean": {
            "value": 0.0,
            "min": 0.0,
            "max": 0.0,
            "count": 1
        },
        "PlayerAgent.Policy.ExtrinsicReward.sum": {
            "value": 0.0,
            "min": 0.0,
            "max": 0.0,
            "count": 1
        },
        "PlayerAgent.Environment.GroupCumulativeReward.mean": {
            "value": 0.0,
            "min": 0.0,
            "max": 0.0,
            "count": 1
        },
        "PlayerAgent.Environment.GroupCumulativeReward.sum": {
            "value": 0.0,
            "min": 0.0,
            "max": 0.0,
            "count": 1
        },
        "PlayerAgent.IsTraining.mean": {
            "value": 1.0,
            "min": 1.0,
            "max": 1.0,
            "count": 1
        },
        "PlayerAgent.IsTraining.sum": {
            "value": 1.0,
            "min": 1.0,
            "max": 1.0,
            "count": 1
        }
    },
    "metadata": {
        "timer_format_version": "0.1.0",
        "start_time_seconds": "1623867477",
        "python_version": "3.9.5 (tags/v3.9.5:0a7dcbd, May  3 2021, 17:27:52) [MSC v.1928 64 bit (AMD64)]",
        "command_line_arguments": "C:\\Users\\ensar\\ML-test\\venv\\Scripts\\mlagents-learn --run-id goalppo .\\configuration.yaml --resume",
        "mlagents_version": "0.27.0",
        "mlagents_envs_version": "0.27.0",
        "communication_protocol_version": "1.5.0",
        "pytorch_version": "1.9.0+cu111",
        "numpy_version": "1.19.5",
        "end_time_seconds": "1623867511"
    },
    "total": 33.065497,
    "count": 1,
    "self": 0.007790800000002207,
    "children": {
        "run_training.setup": {
            "total": 0.1574369,
            "count": 1,
            "self": 0.1574369
        },
        "TrainerController.start_learning": {
            "total": 32.9002693,
            "count": 1,
            "self": 0.018360999999977423,
            "children": {
                "TrainerController._reset_env": {
                    "total": 13.070078899999999,
                    "count": 2,
                    "self": 13.070078899999999
                },
                "TrainerController.advance": {
                    "total": 19.55931370000002,
                    "count": 880,
                    "self": 0.017690299999948422,
                    "children": {
                        "env_step": {
                            "total": 19.005001700000065,
                            "count": 880,
                            "self": 15.878862400000104,
                            "children": {
                                "SubprocessEnvManager._take_step": {
                                    "total": 3.115793099999909,
                                    "count": 880,
                                    "self": 0.12120959999992564,
                                    "children": {
                                        "TorchPolicy.evaluate": {
                                            "total": 2.994583499999983,
                                            "count": 1760,
                                            "self": 1.2941535000000304,
                                            "children": {
                                                "TorchPolicy.sample_actions": {
                                                    "total": 1.7004299999999528,
                                                    "count": 1760,
                                                    "self": 1.7004299999999528
                                                }
                                            }
                                        }
                                    }
                                },
                                "workers": {
                                    "total": 0.010346200000052264,
                                    "count": 879,
                                    "self": 0.0,
                                    "children": {
                                        "worker_root": {
                                            "total": 23.728330199999956,
                                            "count": 879,
                                            "is_parallel": true,
                                            "self": 9.2344587,
                                            "children": {
                                                "steps_from_proto": {
                                                    "total": 0.0015221000000007479,
                                                    "count": 4,
                                                    "is_parallel": true,
                                                    "self": 0.0005026000000025732,
                                                    "children": {
                                                        "_process_rank_one_or_two_observation": {
                                                            "total": 0.0010194999999981746,
                                                            "count": 8,
                                                            "is_parallel": true,
                                                            "self": 0.0010194999999981746
                                                        }
                                                    }
                                                },
                                                "UnityEnvironment.step": {
                                                    "total": 14.492349399999956,
                                                    "count": 879,
                                                    "is_parallel": true,