{
    "name": "root",
    "gauges": {
        "PlayerAgent.Policy.Entropy.mean": {
            "value": 1.3118054866790771,
            "min": 1.2943477630615234,
            "max": 1.4189382791519165,
            "count": 520
        },
        "PlayerAgent.Policy.Entropy.sum": {
            "value": 25690.3984375,
            "min": 24851.4765625,
            "max": 36324.8203125,
            "count": 520
        },
        "PlayerAgent.Environment.EpisodeLength.mean": {
            "value": 199.0,
            "min": 185.1851851851852,
            "max": 199.01666666666668,
            "count": 520
        },
        "PlayerAgent.Environment.EpisodeLength.sum": {
            "value": 19502.0,
            "min": 17990.0,
            "max": 25472.0,
            "count": 520
        },
        "PlayerAgent.Step.mean": {
            "value": 5199952.0,
            "min": 9800.0,
            "max": 5199952.0,
            "count": 520
        },
        "PlayerAgent.Step.sum": {
            "value": 5199952.0,
            "min": 9800.0,
            "max": 5199952.0,
            "count": 520
        },
        "PlayerAgent.Policy.ExtrinsicBaselineEstimate.mean": {
            "value": 0.0011554441880434752,
            "min": -0.042950574308633804,
            "max": 0.05138139799237251,
            "count": 520
        },
        "PlayerAgent.Policy.ExtrinsicBaselineEstimate.sum": {
            "value": 0.057772211730480194,
            "min": -2.147528648376465,
            "max": 2.6204512119293213,
            "count": 520
        },
        "PlayerAgent.Policy.ExtrinsicValueEstimate.mean": {
            "value": 0.0011554441880434752,
            "min": -0.042950574308633804,
            "max": 0.05138139799237251,
            "count": 520
        },
        "PlayerAgent.Policy.ExtrinsicValueEstimate.sum": {
            "value": 0.057772211730480194,
            "min": -2.147528648376465,
            "max": 2.6204512119293213,
            "count": 520
        },
        "PlayerAgent.Environment.CumulativeReward.mean": {
            "value": 0.17600000701844692,
            "min": -0.019999999552965164,
            "max": 0.22962963663869435,
            "count": 520
        },
        "PlayerAgent.Environment.CumulativeReward.sum": {
            "value": 8.800000350922346,
            "min": -0.9999999776482582,
            "max": 12.400000378489494,
            "count": 520
        },
        "PlayerAgent.Policy.ExtrinsicReward.mean": {
            "value": 0.17600000701844692,
            "min": -0.019999999552965164,
            "max": 0.22962963663869435,
            "count": 520
        },
        "PlayerAgent.Policy.ExtrinsicReward.sum": {
            "value": 8.800000350922346,
            "min": -0.9999999776482582,
            "max": 12.400000378489494,
            "count": 520
        },
        "PlayerAgent.Environment.GroupCumulativeReward.mean": {
            "value": 0.0,
            "min": 0.0,
            "max": 0.0,
            "count": 520
        },
        "PlayerAgent.Environment.GroupCumulativeReward.sum": {
            "value": 0.0,
            "min": 0.0,
            "max": 0.0,
            "count": 520
        },
        "PlayerAgent.IsTraining.mean": {
            "value": 1.0,
            "min": 1.0,
            "max": 1.0,
            "count": 520
        },
        "PlayerAgent.IsTraining.sum": {
            "value": 1.0,
            "min": 1.0,
            "max": 1.0,
            "count": 520
        },
        "PlayerAgent.Losses.PolicyLoss.mean": {
            "value": 0.018705546478546844,
            "min": 0.010818815925934663,
            "max": 0.023848071996083794,
            "count": 236
        },
        "PlayerAgent.Losses.PolicyLoss.sum": {
            "value": 0.018705546478546844,
            "min": 0.010818815925934663,
            "max": 0.023848071996083794,
            "count": 236
        },
        "PlayerAgent.Losses.ValueLoss.mean": {
            "value": 0.00014809600810015885,
            "min": 3.4171264284547457e-06,
            "max": 0.0021091521135531365,
            "count": 236
        },
        "PlayerAgent.Losses.ValueLoss.sum": {
            "value": 0.00014809600810015885,
            "min": 3.4171264284547457e-06,
            "max": 0.0021091521135531365,
            "count": 236
        },
        "PlayerAgent.Losses.BaselineLoss.mean": {
            "value": 0.00014809600810015885,
            "min": 3.4171264284547457e-06,
            "max": 0.0021096143056638537,
            "count": 236
        },
        "PlayerAgent.Losses.BaselineLoss.sum": {
            "value": 0.00014809600810015885,
            "min": 3.4171264284547457e-06,
            "max": 0.0021096143056638537,
            "count": 236
        },
        "PlayerAgent.Policy.LearningRate.mean": {
            "value": 0.0003,
            "min": 0.0003,
            "max": 0.0003,
            "count": 236
        },
        "PlayerAgent.Policy.LearningRate.sum": {
            "value": 0.0003,
            "min": 0.0003,
            "max": 0.0003,
            "count": 236
        },
        "PlayerAgent.Policy.Epsilon.mean": {
            "value": 0.20000000000000007,
            "min": 0.2,
            "max": 0.20000000000000007,
            "count": 236
        },
        "PlayerAgent.Policy.Epsilon.sum": {
            "value": 0.20000000000000007,
            "min": 0.2,
            "max": 0.20000000000000007,
            "count": 236
        },
        "PlayerAgent.Policy.Beta.mean": {
            "value": 0.005000000000000001,
            "min": 0.005,
            "max": 0.005000000000000001,
            "count": 236
        },
        "PlayerAgent.Policy.Beta.sum": {
            "value": 0.005000000000000001,
            "min": 0.005,
            "max": 0.005000000000000001,
            "count": 236
        },
        "PlayerAgent.Self-play.ELO.mean": {
            "value": 1200.2449005131289,
            "min": 1196.0164362541482,
            "max": 1200.9985296642994,
            "count": 145
        },
        "PlayerAgent.Self-play.ELO.sum": {
            "value": 2400.4898010262577,
            "min": 1196.0164362541482,
            "max": 4799.937029532721,
            "count": 145
        }
    },
    "metadata": {
        "timer_format_version": "0.1.0",
        "start_time_seconds": "1624151226",
        "python_version": "3.8.5 (default, Sep  3 2020, 21:29:08) [MSC v.1916 64 bit (AMD64)]",
        "command_line_arguments": "C:\\Users\\berk9\\UnityProjects\\Unity-ML-test\\venv\\Scripts\\mlagents-learn --run-id Berkant2 .\\configuration.yaml",
        "mlagents_version": "0.27.0",
        "mlagents_envs_version": "0.27.0",
        "communication_protocol_version": "1.5.0",
        "pytorch_version": "1.9.0+cu111",
        "numpy_version": "1.18.5",
        "end_time_seconds": "1624186228"
    },
    "total": 35002.0061969,
    "count": 1,
    "self": 0.015153500004089437,
    "children": {
        "run_training.setup": {
            "total": 0.1572051000000001,
            "count": 1,
            "self": 0.1572051000000001
        },
        "TrainerController.start_learning": {
            "total": 35001.8338383,
            "count": 1,
            "self": 9.488620500393154,
            "children": {
                "TrainerController._reset_env": {
                    "total": 13.644596600012793,
                    "count": 26,
                    "self": 13.644596600012793
                },
                "TrainerController.advance": {
                    "total": 34978.2575351996,
                    "count": 330894,
                    "self": 10.012893600811367,
                    "children": {
                        "env_step": {
                            "total": 32547.297250399704,
                            "count": 330894,
                            "self": 31357.69792109935,