{
    "name": "root",
    "gauges": {
        "PlayerAgent.Policy.Entropy.mean": {
            "value": 1.3134230375289917,
            "min": 1.3134230375289917,
            "max": 1.3134231567382812,
            "count": 3
        },
        "PlayerAgent.Policy.Entropy.sum": {
            "value": 25217.72265625,
            "min": 8447.9375,
            "max": 25217.72265625,
            "count": 3
        },
        "PlayerAgent.Environment.EpisodeLength.mean": {
            "value": 199.0,
            "min": 191.33333333333334,
            "max": 199.0,
            "count": 3
        },
        "PlayerAgent.Environment.EpisodeLength.sum": {
            "value": 19104.0,
            "min": 6368.0,
            "max": 19104.0,
            "count": 3
        },
        "PlayerAgent.Step.mean": {
            "value": 5229984.0,
            "min": 5209952.0,
            "max": 5229984.0,
            "count": 3
        },
        "PlayerAgent.Step.sum": {
            "value": 5229984.0,
            "min": 5209952.0,
            "max": 5229984.0,
            "count": 3
        },
        "PlayerAgent.Policy.ExtrinsicBaselineEstimate.mean": {
            "value": 0.01903478056192398,
            "min": 0.014861187897622585,
            "max": 0.01903478056192398,
            "count": 3
        },
        "PlayerAgent.Policy.ExtrinsicBaselineEstimate.sum": {
            "value": 0.9517390131950378,
            "min": 0.13375069200992584,
            "max": 0.9517390131950378,
            "count": 3
        },
        "PlayerAgent.Policy.ExtrinsicValueEstimate.mean": {
            "value": 0.01903478056192398,
            "min": 0.014861187897622585,
            "max": 0.01903478056192398,
            "count": 3
        },
        "PlayerAgent.Policy.ExtrinsicValueEstimate.sum": {
            "value": 0.9517390131950378,
            "min": 0.13375069200992584,
            "max": 0.9517390131950378,
            "count": 3
        },
        "PlayerAgent.Environment.CumulativeReward.mean": {
            "value": 0.16800000675022603,
            "min": 0.16800000675022603,
            "max": 0.18000000715255737,
            "count": 3
        },
        "PlayerAgent.Environment.CumulativeReward.sum": {
            "value": 8.400000337511301,
            "min": 1.6200000643730164,
            "max": 9.100000385195017,
            "count": 3
        },
        "PlayerAgent.Policy.ExtrinsicReward.mean": {
            "value": 0.16800000675022603,
            "min": 0.16800000675022603,
            "max": 0.18000000715255737,
            "count": 3
        },
        "PlayerAgent.Policy.ExtrinsicReward.sum": {
            "value": 8.400000337511301,
            "min": 1.6200000643730164,
            "max": 9.100000385195017,
            "count": 3
        },
        "PlayerAgent.Environment.GroupCumulativeReward.mean": {
            "value": 0.0,
            "min": 0.0,
            "max": 0.0,
            "count": 3
        },
        "PlayerAgent.Environment.GroupCumulativeReward.sum": {
            "value": 0.0,
            "min": 0.0,
            "max": 0.0,
            "count": 3
        },
        "PlayerAgent.IsTraining.mean": {
            "value": 1.0,
            "min": 1.0,
            "max": 1.0,
            "count": 3
        },
        "PlayerAgent.IsTraining.sum": {
            "value": 1.0,
            "min": 1.0,
            "max": 1.0,
            "count": 3
        },
        "PlayerAgent.Self-play.ELO.mean": {
            "value": 1200.994902064179,
            "min": 1200.994902064179,
            "max": 1200.994902064179,
            "count": 1
        },
        "PlayerAgent.Self-play.ELO.sum": {
            "value": 2401.989804128358,
            "min": 2401.989804128358,
            "max": 2401.989804128358,
            "count": 1
        }
    },
    "metadata": {
        "timer_format_version": "0.1.0",
        "start_time_seconds": "1624194340",
        "python_version": "3.8.5 (default, Sep  3 2020, 21:29:08) [MSC v.1916 64 bit (AMD64)]",
        "command_line_arguments": "C:\\Users\\berk9\\UnityProjects\\Unity-ML-test\\venv\\Scripts\\mlagents-learn --resume --run-id Berkant2 .\\configuration.yaml",
        "mlagents_version": "0.27.0",
        "mlagents_envs_version": "0.27.0",
        "communication_protocol_version": "1.5.0",
        "pytorch_version": "1.9.0+cu111",
        "numpy_version": "1.18.5",
        "end_time_seconds": "1624194532"
    },
    "total": 192.5058616,
    "count": 1,
    "self": 0.03111920000000623,
    "children": {
        "run_training.setup": {
            "total": 0.3660237000000013,
            "count": 1,
            "self": 0.3660237000000013
        },
        "TrainerController.start_learning": {
            "total": 192.1087187,
            "count": 1,
            "self": 0.055995199999671286,
            "children": {
                "TrainerController._reset_env": {
                    "total": 17.909871299999995,
                    "count": 2,
                    "self": 17.909871299999995
                },
                "TrainerController.advance": {
                    "total": 173.74177260000033,
                    "count": 1851,
                    "self": 0.0628469000003804,
                    "children": {
                        "env_step": {
                            "total": 161.59534810000002,
                            "count": 1851,
                            "self": 153.43052820000045,
                            "children": {
                                "SubprocessEnvManager._take_step": {
                                    "total": 8.128009700000039,
                                    "count": 1851,
                                    "self": 0.3986409999996887,
                                    "children": {
                                        "TorchPolicy.evaluate": {
                                            "total": 7.72936870000035,
                                            "count": 3688,
                                            "self": 2.922500900000067,
                                            "children": {
                                                "TorchPolicy.sample_actions": {
                                                    "total": 4.806867800000283,
                                                    "count": 3688,
                                                    "self": 4.806867800000283
                                                }
                                            }
                                        }
                                    }
                                },
                                "workers": {
                                    "total": 0.03681019999952895,
                                    "count": 1850,
                                    "self": 0.0,
                                    "children": {
                                        "worker_root": {
                                            "total": 121.9985021000001,
                                            "count": 1850,
                                            "is_parallel": true,
                                            "self": 34.472638499999974,
                                            "children": {
                                                "steps_from_proto": {
                                                    "total": 0.002368300000000545,
                                                    "count": 4,
                                                    "is_parallel": true,
                                                    "self": 0.000597800000001314,
                                                    "children": {
                                                        "_process_rank_one_or_two_observation": {
                                                            "total": 0.001770499999999231,
                                                            "count": 8,