{
    "name": "root",
    "metadata": {
        "timer_format_version": "0.1.0",
        "start_time_seconds": "1623871873",
        "python_version": "3.8.5 (default, Sep  3 2020, 21:29:08) [MSC v.1916 64 bit (AMD64)]",
        "command_line_arguments": "C:\\Users\\berk9\\UnityProjects\\Unity-ML-test\\venv\\Scripts\\mlagents-learn --force .\\configuration.yaml",
        "mlagents_version": "0.27.0",
        "mlagents_envs_version": "0.27.0",
        "communication_protocol_version": "1.5.0",
        "pytorch_version": "1.8.1+cpu",
        "numpy_version": "1.19.5",
        "end_time_seconds": "1623871915"
    },
    "total": 42.0671522,
    "count": 1,
    "self": 0.015938100000006727,
    "children": {
        "run_training.setup": {
            "total": 0.1641146,
            "count": 1,
            "self": 0.1641146
        },
        "TrainerController.start_learning": {
            "total": 41.8870995,
            "count": 1,
            "self": 0.0277915999999081,
            "children": {
                "TrainerController._reset_env": {
                    "total": 13.3516933,
                    "count": 1,
                    "self": 13.3516933
                },
                "TrainerController.advance": {
                    "total": 28.255370200000097,
                    "count": 762,
                    "self": 0.02804810000045066,
                    "children": {
                        "env_step": {
                            "total": 27.251110499999886,
                            "count": 762,
                            "self": 25.223973899999685,
                            "children": {
                                "SubprocessEnvManager._take_step": {
                                    "total": 2.0096116000001576,
                                    "count": 762,
                                    "self": 0.15088889999994137,
                                    "children": {
                                        "TorchPolicy.evaluate": {
                                            "total": 1.8587227000002162,
                                            "count": 1508,
                                            "self": 0.3223759999999558,
                                            "children": {
                                                "TorchPolicy.sample_actions": {
                                                    "total": 1.5363467000002604,
                                                    "count": 1508,
                                                    "self": 1.5363467000002604
                                                }
                                            }
                                        }
                                    }
                                },
                                "workers": {
                                    "total": 0.017525000000043534,
                                    "count": 761,
                                    "self": 0.0,
                                    "children": {
                                        "worker_root": {
                                            "total": 31.438092500000028,
                                            "count": 761,
                                            "is_parallel": true,
                                            "self": 8.392151200000054,
                                            "children": {
                                                "steps_from_proto": {
                                                    "total": 0.0008682999999987118,
                                                    "count": 2,
                                                    "is_parallel": true,
                                                    "self": 0.00027199999999893976,
                                                    "children": {
                                                        "_process_rank_one_or_two_observation": {
                                                            "total": 0.000596299999999772,
                                                            "count": 4,
                                                            "is_parallel": true,
                                                            "self": 0.000596299999999772
                                                        }
                                                    }
                                                },
                                                "UnityEnvironment.step": {
                                                    "total": 23.045072999999974,
                                                    "count": 761,
                                                    "is_parallel": true,
                                                    "self": 0.14096659999987793,
                                                    "children": {
                                                        "UnityEnvironment._generate_step_input": {
                                                            "total": 1.204116700000034,
                                                            "count": 761,
                                                            "is_parallel": true,
                                                            "self": 1.204116700000034
                                                        },
                                                        "communicator.exchange": {
                                                            "total": 20.819561099999994,
                                                            "count": 761,
                                                            "is_parallel": true,
                                                            "self": 20.819561099999994
                                                        },
                                                        "steps_from_proto": {
                                                            "total": 0.8804286000000641,
                                                            "count": 1522,
                                                            "is_parallel": true,
                                                            "self": 0.27722959999992725,
                                                            "children": {
                                                                "_process_rank_one_or_two_observation": {
                                                                    "total": 0.6031990000001368,
                                                                    "count": 3044,
                                                                    "is_parallel": true,
                                                                    "self": 0.6031990000001368
                                                                }
                                                            }
                                                        }
                                                    }
                                                }
                                            }
                                        }
                                    }
                                }
                            }
                        },
                        "trainer_advance": {
                            "total": 0.9762115999997629,
                            "count": 761,
                            "self": 0.08641469999977325,
                            "children": {
                                "process_trajectory": {
                                    "total": 0.8897968999999897,
                                    "count": 761,
                                    "self": 0.8897968999999897
                                }
                            }
                        }
                    }
                },