{
    "name": "root",
    "gauges": {
        "PlayerAgent.Policy.Entropy.mean": {
            "value": 1.4189382791519165,
            "min": 1.4189382791519165,
            "max": 1.4189382791519165,
            "count": 1
        },
        "PlayerAgent.Policy.Entropy.sum": {
            "value": 31784.21875,
            "min": 31784.21875,
            "max": 31784.21875,
            "count": 1
        },
        "PlayerAgent.Environment.EpisodeLength.mean": {
            "value": 199.0,
            "min": 199.0,
            "max": 199.0,
            "count": 1
        },
        "PlayerAgent.Environment.EpisodeLength.sum": {
            "value": 22288.0,
            "min": 22288.0,
            "max": 22288.0,
            "count": 1
        },
        "PlayerAgent.Step.mean": {
            "value": 9800.0,
            "min": 9800.0,
            "max": 9800.0,
            "count": 1
        },
        "PlayerAgent.Step.sum": {
            "value": 9800.0,
            "min": 9800.0,
            "max": 9800.0,
            "count": 1
        },
        "PlayerAgent.Policy.ExtrinsicBaselineEstimate.mean": {
            "value": 9.308846529165749e-06,
            "min": 9.308846529165749e-06,
            "max": 9.308846529165749e-06,
            "count": 1
        },
        "PlayerAgent.Policy.ExtrinsicBaselineEstimate.sum": {
            "value": 0.000456133479019627,
            "min": 0.000456133479019627,
            "max": 0.000456133479019627,
            "count": 1
        },
        "PlayerAgent.Policy.ExtrinsicValueEstimate.mean": {
            "value": 9.308846529165749e-06,
            "min": 9.308846529165749e-06,
            "max": 9.308846529165749e-06,
            "count": 1
        },
        "PlayerAgent.Policy.ExtrinsicValueEstimate.sum": {
            "value": 0.000456133479019627,
            "min": 0.000456133479019627,
            "max": 0.000456133479019627,
            "count": 1
        },
        "PlayerAgent.Environment.CumulativeReward.mean": {
            "value": 0.0,
            "min": 0.0,
            "max": 0.0,
            "count": 1
        },
        "PlayerAgent.Environment.CumulativeReward.sum": {
            "value": 0.0,
            "min": 0.0,
            "max": 0.0,
            "count": 1
        },
        "PlayerAgent.Policy.ExtrinsicReward.mean": {
            "value": 0.0,
            "min": 0.0,
            "max": 0.0,
            "count": 1
        },
        "PlayerAgent.Policy.ExtrinsicReward.sum": {
            "value": 0.0,
            "min": 0.0,
            "max": 0.0,
            "count": 1
        },
        "PlayerAgent.Environment.GroupCumulativeReward.mean": {
            "value": 0.0,
            "min": 0.0,
            "max": 0.0,
            "count": 1
        },
        "PlayerAgent.Environment.GroupCumulativeReward.sum": {
            "value": 0.0,
            "min": 0.0,
            "max": 0.0,
            "count": 1
        },
        "PlayerAgent.IsTraining.mean": {
            "value": 1.0,
            "min": 1.0,
            "max": 1.0,
            "count": 1
        },
        "PlayerAgent.IsTraining.sum": {
            "value": 1.0,
            "min": 1.0,
            "max": 1.0,
            "count": 1
        }
    },
    "metadata": {
        "timer_format_version": "0.1.0",
        "start_time_seconds": "1623872005",
        "python_version": "3.8.5 (default, Sep  3 2020, 21:29:08) [MSC v.1916 64 bit (AMD64)]",
        "command_line_arguments": "C:\\Users\\berk9\\UnityProjects\\Unity-ML-test\\venv\\Scripts\\mlagents-learn --force .\\configuration.yaml",
        "mlagents_version": "0.27.0",
        "mlagents_envs_version": "0.27.0",
        "communication_protocol_version": "1.5.0",
        "pytorch_version": "1.8.1+cpu",
        "numpy_version": "1.19.5",
        "end_time_seconds": "1623872085"
    },
    "total": 79.26563850000001,
    "count": 1,
    "self": 0.013241200000010167,
    "children": {
        "run_training.setup": {
            "total": 0.1462460000000001,
            "count": 1,
            "self": 0.1462460000000001
        },
        "TrainerController.start_learning": {
            "total": 79.1061513,
            "count": 1,
            "self": 0.06280570000014052,
            "children": {
                "TrainerController._reset_env": {
                    "total": 10.174455499999999,
                    "count": 1,
                    "self": 10.174455499999999
                },
                "TrainerController.advance": {
                    "total": 68.49269769999987,
                    "count": 1801,
                    "self": 0.0674576999997214,
                    "children": {
                        "env_step": {
                            "total": 65.42839940000002,
                            "count": 1801,
                            "self": 60.4926542999996,
                            "children": {
                                "SubprocessEnvManager._take_step": {
                                    "total": 4.892935300000188,
                                    "count": 1801,
                                    "self": 0.3639649999998049,
                                    "children": {
                                        "TorchPolicy.evaluate": {
                                            "total": 4.528970300000383,
                                            "count": 3602,
                                            "self": 0.7985129000002633,
                                            "children": {
                                                "TorchPolicy.sample_actions": {
                                                    "total": 3.7304574000001196,
                                                    "count": 3602,
                                                    "self": 3.7304574000001196
                                                }
                                            }
                                        }
                                    }
                                },
                                "workers": {
                                    "total": 0.04280980000022794,
                                    "count": 1800,
                                    "self": 0.0,
                                    "children": {
                                        "worker_root": {
                                            "total": 71.5122647,
                                            "count": 1800,
                                            "is_parallel": true,
                                            "self": 16.235771599999808,
                                            "children": {
                                                "steps_from_proto": {
                                                    "total": 0.0017032999999999632,
                                                    "count": 2,
                                                    "is_parallel": true,
                                                    "self": 0.0006034999999986468,
                                                    "children": {
                                                        "_process_rank_one_or_two_observation": {
                                                            "total": 0.0010998000000013164,
                                                            "count": 4,
                                                            "is_parallel": true,
                                                            "self": 0.0010998000000013164
                                                        }
                                                    }
                                                },
                                                "UnityEnvironment.step": {
                                                    "total": 55.27478980000019,
                                                    "count": 1800,