{
    "name": "root",
    "gauges": {
        "PlayerAgent.Policy.Entropy.mean": {
            "value": 1.4189382791519165,
            "min": 1.4189382791519165,
            "max": 1.4189382791519165,
            "count": 2
        },
        "PlayerAgent.Policy.Entropy.sum": {
            "value": 27243.615234375,
            "min": 27243.615234375,
            "max": 31784.21875,
            "count": 2
        },
        "PlayerAgent.Environment.EpisodeLength.mean": {
            "value": 199.0,
            "min": 199.0,
            "max": 199.0,
            "count": 2
        },
        "PlayerAgent.Environment.EpisodeLength.sum": {
            "value": 19104.0,
            "min": 19104.0,
            "max": 22288.0,
            "count": 2
        },
        "PlayerAgent.Step.mean": {
            "value": 19800.0,
            "min": 9800.0,
            "max": 19800.0,
            "count": 2
        },
        "PlayerAgent.Step.sum": {
            "value": 19800.0,
            "min": 9800.0,
            "max": 19800.0,
            "count": 2
        },
        "PlayerAgent.Policy.ExtrinsicBaselineEstimate.mean": {
            "value": -3.085844582528807e-05,
            "min": -3.097920853178948e-05,
            "max": -3.085844582528807e-05,
            "count": 2
        },
        "PlayerAgent.Policy.ExtrinsicBaselineEstimate.sum": {
            "value": -0.001542922342196107,
            "min": -0.001542922342196107,
            "max": -0.0015179812908172607,
            "count": 2
        },
        "PlayerAgent.Policy.ExtrinsicValueEstimate.mean": {
            "value": -3.085844582528807e-05,
            "min": -3.097920853178948e-05,
            "max": -3.085844582528807e-05,
            "count": 2
        },
        "PlayerAgent.Policy.ExtrinsicValueEstimate.sum": {
            "value": -0.001542922342196107,
            "min": -0.001542922342196107,
            "max": -0.0015179812908172607,
            "count": 2
        },
        "PlayerAgent.Environment.CumulativeReward.mean": {
            "value": 0.0,
            "min": 0.0,
            "max": 0.0,
            "count": 2
        },
        "PlayerAgent.Environment.CumulativeReward.sum": {
            "value": 0.0,
            "min": 0.0,
            "max": 0.0,
            "count": 2
        },
        "PlayerAgent.Policy.ExtrinsicReward.mean": {
            "value": 0.0,
            "min": 0.0,
            "max": 0.0,
            "count": 2
        },
        "PlayerAgent.Policy.ExtrinsicReward.sum": {
            "value": 0.0,
            "min": 0.0,
            "max": 0.0,
            "count": 2
        },
        "PlayerAgent.Environment.GroupCumulativeReward.mean": {
            "value": 0.0,
            "min": 0.0,
            "max": 0.0,
            "count": 2
        },
        "PlayerAgent.Environment.GroupCumulativeReward.sum": {
            "value": 0.0,
            "min": 0.0,
            "max": 0.0,
            "count": 2
        },
        "PlayerAgent.IsTraining.mean": {
            "value": 1.0,
            "min": 1.0,
            "max": 1.0,
            "count": 2
        },
        "PlayerAgent.IsTraining.sum": {
            "value": 1.0,
            "min": 1.0,
            "max": 1.0,
            "count": 2
        }
    },
    "metadata": {
        "timer_format_version": "0.1.0",
        "start_time_seconds": "1623874663",
        "python_version": "3.8.5 (default, Sep  3 2020, 21:29:08) [MSC v.1916 64 bit (AMD64)]",
        "command_line_arguments": "C:\\Users\\berk9\\UnityProjects\\Unity-ML-test\\venv\\Scripts\\mlagents-learn --force .\\configuration.yaml",
        "mlagents_version": "0.27.0",
        "mlagents_envs_version": "0.27.0",
        "communication_protocol_version": "1.5.0",
        "pytorch_version": "1.8.1+cpu",
        "numpy_version": "1.19.5",
        "end_time_seconds": "1623874796"
    },
    "total": 133.3335025,
    "count": 1,
    "self": 0.015936500000009346,
    "children": {
        "run_training.setup": {
            "total": 0.1566392000000001,
            "count": 1,
            "self": 0.1566392000000001
        },
        "TrainerController.start_learning": {
            "total": 133.1609268,
            "count": 1,
            "self": 0.09084179999990738,
            "children": {
                "TrainerController._reset_env": {
                    "total": 11.0692796,
                    "count": 1,
                    "self": 11.0692796
                },
                "TrainerController.advance": {
                    "total": 121.70453000000009,
                    "count": 2601,
                    "self": 0.09670240000009755,
                    "children": {
                        "env_step": {
                            "total": 92.19946439999988,
                            "count": 2601,
                            "self": 85.34984499999992,
                            "children": {
                                "SubprocessEnvManager._take_step": {
                                    "total": 6.787138599999997,
                                    "count": 2601,
                                    "self": 0.4947528000002279,
                                    "children": {
                                        "TorchPolicy.evaluate": {
                                            "total": 6.292385799999769,
                                            "count": 5202,
                                            "self": 1.0893981999996605,
                                            "children": {
                                                "TorchPolicy.sample_actions": {
                                                    "total": 5.2029876000001085,
                                                    "count": 5202,
                                                    "self": 5.2029876000001085
                                                }
                                            }
                                        }
                                    }
                                },
                                "workers": {
                                    "total": 0.062480799999971026,
                                    "count": 2600,
                                    "self": 0.0,
                                    "children": {
                                        "worker_root": {
                                            "total": 98.96249610000038,
                                            "count": 2600,
                                            "is_parallel": true,
                                            "self": 20.899760700000485,
                                            "children": {
                                                "steps_from_proto": {
                                                    "total": 0.0008683000000004881,
                                                    "count": 2,
                                                    "is_parallel": true,
                                                    "self": 0.00027000000000398927,
                                                    "children": {
                                                        "_process_rank_one_or_two_observation": {
                                                            "total": 0.0005982999999964989,
                                                            "count": 4,
                                                            "is_parallel": true,
                                                            "self": 0.0005982999999964989
                                                        }
                                                    }
                                                },
                                                "UnityEnvironment.step": {
                                                    "total": 78.0618670999999,
                                                    "count": 2600,