{
    "name": "root",
    "metadata": {
        "timer_format_version": "0.1.0",
        "start_time_seconds": "1623876610",
        "python_version": "3.9.5 (tags/v3.9.5:0a7dcbd, May  3 2021, 17:27:52) [MSC v.1928 64 bit (AMD64)]",
        "command_line_arguments": "C:\\Users\\ensar\\ML-test\\venv\\Scripts\\mlagents-learn .\\configuration.yaml --force",
        "mlagents_version": "0.27.0",
        "mlagents_envs_version": "0.27.0",
        "communication_protocol_version": "1.5.0",
        "pytorch_version": "1.9.0+cu111",
        "numpy_version": "1.19.5",
        "end_time_seconds": "1623876630"
    },
    "total": 19.9141233,
    "count": 1,
    "self": 0.011268799999999857,
    "children": {
        "run_training.setup": {
            "total": 0.13615109999999997,
            "count": 1,
            "self": 0.13615109999999997
        },
        "TrainerController.start_learning": {
            "total": 19.7667034,
            "count": 1,
            "self": 0.008852299999986712,
            "children": {
                "TrainerController._reset_env": {
                    "total": 10.4143575,
                    "count": 1,
                    "self": 10.4143575
                },
                "TrainerController.advance": {
                    "total": 9.162075300000014,
                    "count": 381,
                    "self": 0.008787800000021662,
                    "children": {
                        "env_step": {
                            "total": 8.999448799999977,
                            "count": 381,
                            "self": 7.332923099999958,
                            "children": {
                                "SubprocessEnvManager._take_step": {
                                    "total": 1.6615581999999591,
                                    "count": 381,
                                    "self": 0.06399759999996668,
                                    "children": {
                                        "TorchPolicy.evaluate": {
                                            "total": 1.5975605999999924,
                                            "count": 762,
                                            "self": 0.583915699999956,
                                            "children": {
                                                "TorchPolicy.sample_actions": {
                                                    "total": 1.0136449000000365,
                                                    "count": 762,
                                                    "self": 1.0136449000000365
                                                }
                                            }
                                        }
                                    }
                                },
                                "workers": {
                                    "total": 0.004967500000059744,
                                    "count": 380,
                                    "self": 0.0,
                                    "children": {
                                        "worker_root": {
                                            "total": 13.775067399999996,
                                            "count": 380,
                                            "is_parallel": true,
                                            "self": 7.132608200000011,
                                            "children": {
                                                "steps_from_proto": {
                                                    "total": 0.0007170999999992489,
                                                    "count": 2,
                                                    "is_parallel": true,
                                                    "self": 0.0002145999999978443,
                                                    "children": {
                                                        "_process_rank_one_or_two_observation": {
                                                            "total": 0.0005025000000014046,
                                                            "count": 4,
                                                            "is_parallel": true,
                                                            "self": 0.0005025000000014046
                                                        }
                                                    }
                                                },
                                                "UnityEnvironment.step": {
                                                    "total": 6.641742099999986,
                                                    "count": 380,
                                                    "is_parallel": true,
                                                    "self": 0.04613029999999618,
                                                    "children": {
                                                        "UnityEnvironment._generate_step_input": {
                                                            "total": 0.33513359999996517,
                                                            "count": 380,
                                                            "is_parallel": true,
                                                            "self": 0.33513359999996517
                                                        },
                                                        "communicator.exchange": {
                                                            "total": 6.0159555000000005,
                                                            "count": 380,
                                                            "is_parallel": true,
                                                            "self": 6.0159555000000005
                                                        },
                                                        "steps_from_proto": {
                                                            "total": 0.24452270000002407,
                                                            "count": 760,
                                                            "is_parallel": true,
                                                            "self": 0.08073420000002507,
                                                            "children": {
                                                                "_process_rank_one_or_two_observation": {
                                                                    "total": 0.163788499999999,
                                                                    "count": 1520,
                                                                    "is_parallel": true,
                                                                    "self": 0.163788499999999
                                                                }
                                                            }
                                                        }
                                                    }
                                                }
                                            }
                                        }
                                    }
                                }
                            }
                        },
                        "trainer_advance": {
                            "total": 0.15383870000001565,
                            "count": 380,
                            "self": 0.02356960000002495,
                            "children": {
                                "process_trajectory": {
                                    "total": 0.1302690999999907,
                                    "count": 380,
                                    "self": 0.1302690999999907
                                }
                            }
                        }
                    }
                },