{
    "name": "root",
    "gauges": {
        "PlayerAgent.Policy.Entropy.mean": {
            "value": 1.4189382791519165,
            "min": 1.4189382791519165,
            "max": 1.4189382791519165,
            "count": 1
        },
        "PlayerAgent.Policy.Entropy.sum": {
            "value": 31784.21875,
            "min": 31784.21875,
            "max": 31784.21875,
            "count": 1
        },
        "PlayerAgent.Environment.EpisodeLength.mean": {
            "value": 199.0,
            "min": 199.0,
            "max": 199.0,
            "count": 1
        },
        "PlayerAgent.Environment.EpisodeLength.sum": {
            "value": 22288.0,
            "min": 22288.0,
            "max": 22288.0,
            "count": 1
        },
        "PlayerAgent.Step.mean": {
            "value": 9800.0,
            "min": 9800.0,
            "max": 9800.0,
            "count": 1
        },
        "PlayerAgent.Step.sum": {
            "value": 9800.0,
            "min": 9800.0,
            "max": 9800.0,
            "count": 1
        },
        "PlayerAgent.Policy.ExtrinsicBaselineEstimate.mean": {
            "value": 8.099265687633306e-05,
            "min": 8.099265687633306e-05,
            "max": 8.099265687633306e-05,
            "count": 1
        },
        "PlayerAgent.Policy.ExtrinsicBaselineEstimate.sum": {
            "value": 0.0039686402305960655,
            "min": 0.0039686402305960655,
            "max": 0.0039686402305960655,
            "count": 1
        },
        "PlayerAgent.Policy.ExtrinsicValueEstimate.mean": {
            "value": 8.099265687633306e-05,
            "min": 8.099265687633306e-05,
            "max": 8.099265687633306e-05,
            "count": 1
        },
        "PlayerAgent.Policy.ExtrinsicValueEstimate.sum": {
            "value": 0.0039686402305960655,
            "min": 0.0039686402305960655,
            "max": 0.0039686402305960655,
            "count": 1
        },
        "PlayerAgent.Environment.CumulativeReward.mean": {
            "value": 0.0,
            "min": 0.0,
            "max": 0.0,
            "count": 1
        },
        "PlayerAgent.Environment.CumulativeReward.sum": {
            "value": 0.0,
            "min": 0.0,
            "max": 0.0,
            "count": 1
        },
        "PlayerAgent.Policy.ExtrinsicReward.mean": {
            "value": 0.0,
            "min": 0.0,
            "max": 0.0,
            "count": 1
        },
        "PlayerAgent.Policy.ExtrinsicReward.sum": {
            "value": 0.0,
            "min": 0.0,
            "max": 0.0,
            "count": 1
        },
        "PlayerAgent.Environment.GroupCumulativeReward.mean": {
            "value": 0.0,
            "min": 0.0,
            "max": 0.0,
            "count": 1
        },
        "PlayerAgent.Environment.GroupCumulativeReward.sum": {
            "value": 0.0,
            "min": 0.0,
            "max": 0.0,
            "count": 1
        },
        "PlayerAgent.IsTraining.mean": {
            "value": 1.0,
            "min": 1.0,
            "max": 1.0,
            "count": 1
        },
        "PlayerAgent.IsTraining.sum": {
            "value": 1.0,
            "min": 1.0,
            "max": 1.0,
            "count": 1
        }
    },
    "metadata": {
        "timer_format_version": "0.1.0",
        "start_time_seconds": "1623874273",
        "python_version": "3.8.5 (default, Sep  3 2020, 21:29:08) [MSC v.1916 64 bit (AMD64)]",
        "command_line_arguments": "C:\\Users\\berk9\\UnityProjects\\Unity-ML-test\\venv\\Scripts\\mlagents-learn --force .\\configuration.yaml",
        "mlagents_version": "0.27.0",
        "mlagents_envs_version": "0.27.0",
        "communication_protocol_version": "1.5.0",
        "pytorch_version": "1.8.1+cpu",
        "numpy_version": "1.19.5",
        "end_time_seconds": "1623874344"
    },
    "total": 70.5949318,
    "count": 1,
    "self": 0.015197700000001646,
    "children": {
        "run_training.setup": {
            "total": 0.14415560000000016,
            "count": 1,
            "self": 0.14415560000000016
        },
        "TrainerController.start_learning": {
            "total": 70.43557849999999,
            "count": 1,
            "self": 0.05467680000002417,
            "children": {
                "TrainerController._reset_env": {
                    "total": 11.5923096,
                    "count": 1,
                    "self": 11.5923096
                },
                "TrainerController.advance": {
                    "total": 58.52628279999997,
                    "count": 1547,
                    "self": 0.055509900000011214,
                    "children": {
                        "env_step": {
                            "total": 56.19244979999987,
                            "count": 1547,
                            "self": 51.93222829999985,
                            "children": {
                                "SubprocessEnvManager._take_step": {
                                    "total": 4.223914200000076,
                                    "count": 1547,
                                    "self": 0.30974010000003993,
                                    "children": {
                                        "TorchPolicy.evaluate": {
                                            "total": 3.914174100000036,
                                            "count": 3094,
                                            "self": 0.6688552000000687,
                                            "children": {
                                                "TorchPolicy.sample_actions": {
                                                    "total": 3.245318899999967,
                                                    "count": 3094,
                                                    "self": 3.245318899999967
                                                }
                                            }
                                        }
                                    }
                                },
                                "workers": {
                                    "total": 0.03630729999994564,
                                    "count": 1546,
                                    "self": 0.0,
                                    "children": {
                                        "worker_root": {
                                            "total": 61.53341769999997,
                                            "count": 1546,
                                            "is_parallel": true,
                                            "self": 13.942452000000081,
                                            "children": {
                                                "steps_from_proto": {
                                                    "total": 0.000868500000001049,
                                                    "count": 2,
                                                    "is_parallel": true,
                                                    "self": 0.00027300000000174407,
                                                    "children": {
                                                        "_process_rank_one_or_two_observation": {
                                                            "total": 0.0005954999999993049,
                                                            "count": 4,
                                                            "is_parallel": true,
                                                            "self": 0.0005954999999993049
                                                        }
                                                    }
                                                },
                                                "UnityEnvironment.step": {
                                                    "total": 47.59009719999989,
                                                    "count": 1546,