{
    "name": "root",
    "gauges": {
        "PlayerAgent.Policy.Entropy.mean": {
            "value": 1.4195678234100342,
            "min": 1.4168423414230347,
            "max": 1.4210299253463745,
            "count": 27
        },
        "PlayerAgent.Policy.Entropy.sum": {
            "value": 27255.701171875,
            "min": 27204.57421875,
            "max": 36324.8203125,
            "count": 27
        },
        "PlayerAgent.Environment.EpisodeLength.mean": {
            "value": 199.0,
            "min": 194.1290322580645,
            "max": 199.0,
            "count": 27
        },
        "PlayerAgent.Environment.EpisodeLength.sum": {
            "value": 19104.0,
            "min": 18782.0,
            "max": 25472.0,
            "count": 27
        },
        "PlayerAgent.Step.mean": {
            "value": 269802.0,
            "min": 9800.0,
            "max": 269802.0,
            "count": 27
        },
        "PlayerAgent.Step.sum": {
            "value": 269802.0,
            "min": 9800.0,
            "max": 269802.0,
            "count": 27
        },
        "PlayerAgent.Policy.ExtrinsicBaselineEstimate.mean": {
            "value": -0.04501659423112869,
            "min": -0.06423211097717285,
            "max": 0.019593607634305954,
            "count": 27
        },
        "PlayerAgent.Policy.ExtrinsicBaselineEstimate.sum": {
            "value": -2.2508296966552734,
            "min": -3.2758376598358154,
            "max": 0.9796803593635559,
            "count": 27
        },
        "PlayerAgent.Policy.ExtrinsicValueEstimate.mean": {
            "value": -0.04501659423112869,
            "min": -0.06423211097717285,
            "max": 0.019593607634305954,
            "count": 27
        },
        "PlayerAgent.Policy.ExtrinsicValueEstimate.sum": {
            "value": -2.2508296966552734,
            "min": -3.2758376598358154,
            "max": 0.9796803593635559,
            "count": 27
        },
        "PlayerAgent.Environment.CumulativeReward.mean": {
            "value": -0.015999999418854712,
            "min": -0.027450979559444914,
            "max": 0.1120000060647726,
            "count": 27
        },
        "PlayerAgent.Environment.CumulativeReward.sum": {
            "value": -0.7999999709427357,
            "min": -1.3999999575316906,
            "max": 5.60000030323863,
            "count": 27
        },
        "PlayerAgent.Policy.ExtrinsicReward.mean": {
            "value": -0.015999999418854712,
            "min": -0.027450979559444914,
            "max": 0.1120000060647726,
            "count": 27
        },
        "PlayerAgent.Policy.ExtrinsicReward.sum": {
            "value": -0.7999999709427357,
            "min": -1.3999999575316906,
            "max": 5.60000030323863,
            "count": 27
        },
        "PlayerAgent.Environment.GroupCumulativeReward.mean": {
            "value": 0.0,
            "min": 0.0,
            "max": 0.0,
            "count": 27
        },
        "PlayerAgent.Environment.GroupCumulativeReward.sum": {
            "value": 0.0,
            "min": 0.0,
            "max": 0.0,
            "count": 27
        },
        "PlayerAgent.IsTraining.mean": {
            "value": 1.0,
            "min": 1.0,
            "max": 1.0,
            "count": 27
        },
        "PlayerAgent.IsTraining.sum": {
            "value": 1.0,
            "min": 1.0,
            "max": 1.0,
            "count": 27
        },
        "PlayerAgent.Losses.PolicyLoss.mean": {
            "value": 0.014391833440943932,
            "min": 0.01250445937233356,
            "max": 0.020708465862602072,
            "count": 12
        },
        "PlayerAgent.Losses.PolicyLoss.sum": {
            "value": 0.014391833440943932,
            "min": 0.01250445937233356,
            "max": 0.020708465862602072,
            "count": 12
        },
        "PlayerAgent.Losses.ValueLoss.mean": {
            "value": 0.00045904132506014627,
            "min": 0.00024591473290153467,
            "max": 0.0012321934084563205,
            "count": 12
        },
        "PlayerAgent.Losses.ValueLoss.sum": {
            "value": 0.00045904132506014627,
            "min": 0.00024591473290153467,
            "max": 0.0012321934084563205,
            "count": 12
        },
        "PlayerAgent.Losses.BaselineLoss.mean": {
            "value": 0.00045904132506014627,
            "min": 0.00024591473290153467,
            "max": 0.0012321934084563205,
            "count": 12
        },
        "PlayerAgent.Losses.BaselineLoss.sum": {
            "value": 0.00045904132506014627,
            "min": 0.00024591473290153467,
            "max": 0.0012321934084563205,
            "count": 12
        },
        "PlayerAgent.Policy.LearningRate.mean": {
            "value": 0.0003,
            "min": 0.0003,
            "max": 0.0003,
            "count": 12
        },
        "PlayerAgent.Policy.LearningRate.sum": {
            "value": 0.0003,
            "min": 0.0003,
            "max": 0.0003,
            "count": 12
        },
        "PlayerAgent.Policy.Epsilon.mean": {
            "value": 0.20000000000000007,
            "min": 0.20000000000000007,
            "max": 0.20000000000000007,
            "count": 12
        },
        "PlayerAgent.Policy.Epsilon.sum": {
            "value": 0.20000000000000007,
            "min": 0.20000000000000007,
            "max": 0.20000000000000007,
            "count": 12
        },
        "PlayerAgent.Policy.Beta.mean": {
            "value": 0.005000000000000001,
            "min": 0.005000000000000001,
            "max": 0.005000000000000001,
            "count": 12
        },
        "PlayerAgent.Policy.Beta.sum": {
            "value": 0.005000000000000001,
            "min": 0.005000000000000001,
            "max": 0.005000000000000001,
            "count": 12
        },
        "PlayerAgent.Self-play.ELO.mean": {
            "value": 1199.0007195573448,
            "min": 1199.0007195573448,
            "max": 1200.0,
            "count": 7
        },
        "PlayerAgent.Self-play.ELO.sum": {
            "value": 1199.0007195573448,
            "min": 1199.0007195573448,
            "max": 2398.0014391146897,
            "count": 7
        }
    },
    "metadata": {
        "timer_format_version": "0.1.0",
        "start_time_seconds": "1624231463",
        "python_version": "3.8.5 (default, Sep  3 2020, 21:29:08) [MSC v.1916 64 bit (AMD64)]",
        "command_line_arguments": "C:\\Users\\berk9\\UnityProjects\\Unity-ML-test\\venv\\Scripts\\mlagents-learn --force .\\configuration.yaml",
        "mlagents_version": "0.27.0",
        "mlagents_envs_version": "0.27.0",
        "communication_protocol_version": "1.5.0",
        "pytorch_version": "1.9.0+cu111",
        "numpy_version": "1.18.5",
        "end_time_seconds": "1624232847"
    },
    "total": 1384.2192709,
    "count": 1,
    "self": 0.022816300000158662,
    "children": {
        "run_training.setup": {
            "total": 0.20972869999999988,
            "count": 1,
            "self": 0.20972869999999988
        },
        "TrainerController.start_learning": {
            "total": 1383.9867259,
            "count": 1,
            "self": 0.6899507000064204,
            "children": {
                "TrainerController._reset_env": {
                    "total": 18.506416899999998,
                    "count": 2,
                    "self": 18.506416899999998
                },
                "TrainerController.advance": {
                    "total": 1364.2619287999937,
                    "count": 17314,
                    "self": 0.8473370999774943,
                    "children": {
                        "env_step": {
                            "total": 1188.2458683000118,
                            "count": 17314,
                            "self": 1092.5775286000048,