{
    "name": "root",
    "metadata": {
        "timer_format_version": "0.1.0",
        "start_time_seconds": "1623761692",
        "python_version": "3.9.5 (tags/v3.9.5:0a7dcbd, May  3 2021, 17:27:52) [MSC v.1928 64 bit (AMD64)]",
        "command_line_arguments": "C:\\Users\\ensar\\ML-test\\venv\\Scripts\\mlagents-learn --run-id test5",
        "mlagents_version": "0.27.0",
        "mlagents_envs_version": "0.27.0",
        "communication_protocol_version": "1.5.0",
        "pytorch_version": "1.7.1+cpu",
        "numpy_version": "1.19.5",
        "end_time_seconds": "1623761727"
    },
    "total": 34.6100512,
    "count": 1,
    "self": 0.010792000000002133,
    "children": {
        "run_training.setup": {
            "total": 0.04991460000000014,
            "count": 1,
            "self": 0.04991460000000014
        },
        "TrainerController.start_learning": {
            "total": 34.5493446,
            "count": 1,
            "self": 0.028507500000024777,
            "children": {
                "TrainerController._reset_env": {
                    "total": 13.472157,
                    "count": 1,
                    "self": 13.472157
                },
                "TrainerController.advance": {
                    "total": 20.85671749999997,
                    "count": 1097,
                    "self": 0.028493799999875336,
                    "children": {
                        "env_step": {
                            "total": 20.59327760000003,
                            "count": 1097,
                            "self": 18.57363920000006,
                            "children": {
                                "SubprocessEnvManager._take_step": {
                                    "total": 2.002327699999915,
                                    "count": 1097,
                                    "self": 0.15072599999991532,
                                    "children": {
                                        "TorchPolicy.evaluate": {
                                            "total": 1.8516016999999998,
                                            "count": 2194,
                                            "self": 0.3785158000000397,
                                            "children": {
                                                "TorchPolicy.sample_actions": {
                                                    "total": 1.47308589999996,
                                                    "count": 2194,
                                                    "self": 1.47308589999996
                                                }
                                            }
                                        }
                                    }
                                },
                                "workers": {
                                    "total": 0.0173107000000563,
                                    "count": 1096,
                                    "self": 0.0,
                                    "children": {
                                        "worker_root": {
                                            "total": 27.65377790000002,
                                            "count": 1096,
                                            "is_parallel": true,
                                            "self": 10.722886600000038,
                                            "children": {
                                                "steps_from_proto": {
                                                    "total": 0.004468899999999998,
                                                    "count": 2,
                                                    "is_parallel": true,
                                                    "self": 0.0002146999999990129,
                                                    "children": {
                                                        "_process_rank_one_or_two_observation": {
                                                            "total": 0.004254200000000985,
                                                            "count": 4,
                                                            "is_parallel": true,
                                                            "self": 0.004254200000000985
                                                        }
                                                    }
                                                },
                                                "UnityEnvironment.step": {
                                                    "total": 16.926422399999982,
                                                    "count": 1096,
                                                    "is_parallel": true,
                                                    "self": 0.11329270000010894,
                                                    "children": {
                                                        "UnityEnvironment._generate_step_input": {
                                                            "total": 0.32430009999991327,
                                                            "count": 1096,
                                                            "is_parallel": true,
                                                            "self": 0.32430009999991327
                                                        },
                                                        "communicator.exchange": {
                                                            "total": 16.014615400000054,
                                                            "count": 1096,
                                                            "is_parallel": true,
                                                            "self": 16.014615400000054
                                                        },
                                                        "steps_from_proto": {
                                                            "total": 0.4742141999999063,
                                                            "count": 2192,
                                                            "is_parallel": true,
                                                            "self": 0.25643270000009366,
                                                            "children": {
                                                                "_process_rank_one_or_two_observation": {
                                                                    "total": 0.21778149999981267,
                                                                    "count": 4384,
                                                                    "is_parallel": true,
                                                                    "self": 0.21778149999981267
                                                                }
                                                            }
                                                        }
                                                    }
                                                }
                                            }
                                        }
                                    }
                                }
                            }
                        },
                        "trainer_advance": {
                            "total": 0.2349461000000641,
                            "count": 1096,
                            "self": 0.03338460000010812,
                            "children": {
                                "process_trajectory": {
                                    "total": 0.20156149999995598,
                                    "count": 1096,
                                    "self": 0.20156149999995598
                                }
                            }
                        }
                    }
                },