{
    "name": "root",
    "metadata": {
        "timer_format_version": "0.1.0",
        "start_time_seconds": "1624222217",
        "python_version": "3.8.5 (default, Sep  3 2020, 21:29:08) [MSC v.1916 64 bit (AMD64)]",
        "command_line_arguments": "C:\\Users\\berk9\\UnityProjects\\Unity-ML-test\\venv\\Scripts\\mlagents-learn --resume --run-id Berkant .\\configuration.yaml",
        "mlagents_version": "0.27.0",
        "mlagents_envs_version": "0.27.0",
        "communication_protocol_version": "1.5.0",
        "pytorch_version": "1.9.0+cu111",
        "numpy_version": "1.18.5",
        "end_time_seconds": "1624222246"
    },
    "total": 28.187071800000002,
    "count": 1,
    "self": 0.01648730000000498,
    "children": {
        "run_training.setup": {
            "total": 0.1777297,
            "count": 1,
            "self": 0.1777297
        },
        "TrainerController.start_learning": {
            "total": 27.992854799999996,
            "count": 1,
            "self": 0.0067798999999979515,
            "children": {
                "TrainerController._reset_env": {
                    "total": 14.735176600000003,
                    "count": 2,
                    "self": 14.735176600000003
                },
                "TrainerController.advance": {
                    "total": 13.150990199999995,
                    "count": 214,
                    "self": 0.007167699999985899,
                    "children": {
                        "env_step": {
                            "total": 12.769715099999999,
                            "count": 214,
                            "self": 11.382453099999982,
                            "children": {
                                "SubprocessEnvManager._take_step": {
                                    "total": 1.3832361000000049,
                                    "count": 214,
                                    "self": 0.04788260000005451,
                                    "children": {
                                        "TorchPolicy.evaluate": {
                                            "total": 1.3353534999999503,
                                            "count": 428,
                                            "self": 0.33796899999996555,
                                            "children": {
                                                "TorchPolicy.sample_actions": {
                                                    "total": 0.9973844999999848,
                                                    "count": 428,
                                                    "self": 0.9973844999999848
                                                }
                                            }
                                        }
                                    }
                                },
                                "workers": {
                                    "total": 0.004025900000012683,
                                    "count": 213,
                                    "self": 0.0,
                                    "children": {
                                        "worker_root": {
                                            "total": 18.603692100000018,
                                            "count": 213,
                                            "is_parallel": true,
                                            "self": 7.986498400000006,
                                            "children": {
                                                "steps_from_proto": {
                                                    "total": 0.0026477000000006967,
                                                    "count": 4,
                                                    "is_parallel": true,
                                                    "self": 0.0006546000000007268,
                                                    "children": {
                                                        "_process_rank_one_or_two_observation": {
                                                            "total": 0.00199309999999997,
                                                            "count": 8,
                                                            "is_parallel": true,
                                                            "self": 0.00199309999999997
                                                        }
                                                    }
                                                },
                                                "UnityEnvironment.step": {
                                                    "total": 10.614546000000011,
                                                    "count": 213,
                                                    "is_parallel": true,
                                                    "self": 0.05293230000007476,
                                                    "children": {
                                                        "UnityEnvironment._generate_step_input": {
                                                            "total": 0.5489706999999999,
                                                            "count": 213,
                                                            "is_parallel": true,
                                                            "self": 0.5489706999999999
                                                        },
                                                        "communicator.exchange": {
                                                            "total": 9.719210899999993,
                                                            "count": 213,
                                                            "is_parallel": true,
                                                            "self": 9.719210899999993
                                                        },
                                                        "steps_from_proto": {
                                                            "total": 0.2934320999999436,
                                                            "count": 426,
                                                            "is_parallel": true,
                                                            "self": 0.07569289999994311,
                                                            "children": {
                                                                "_process_rank_one_or_two_observation": {
                                                                    "total": 0.21773920000000047,
                                                                    "count": 852,
                                                                    "is_parallel": true,
                                                                    "self": 0.21773920000000047
                                                                }
                                                            }
                                                        }
                                                    }
                                                }
                                            }
                                        }
                                    }
                                }
                            }
                        },
                        "trainer_advance": {
                            "total": 0.3741074000000104,
                            "count": 213,
                            "self": 0.02479730000000302,
                            "children": {
                                "process_trajectory": {
                                    "total": 0.3493101000000074,
                                    "count": 213,
                                    "self": 0.3493101000000074
                                }
                            }
                        }
                    }
                },