{
    "name": "root",
    "gauges": {
        "PlayerAgent.Policy.Entropy.mean": {
            "value": 1.4116928577423096,
            "min": 1.4116928577423096,
            "max": 1.4193662405014038,
            "count": 21
        },
        "PlayerAgent.Policy.Entropy.sum": {
            "value": 36184.51171875,
            "min": 9129.36328125,
            "max": 36184.51171875,
            "count": 21
        },
        "PlayerAgent.Environment.EpisodeLength.mean": {
            "value": 196.1076923076923,
            "min": 187.3125,
            "max": 199.0,
            "count": 21
        },
        "PlayerAgent.Environment.EpisodeLength.sum": {
            "value": 25494.0,
            "min": 5994.0,
            "max": 25494.0,
            "count": 21
        },
        "PlayerAgent.Self-play.ELO.mean": {
            "value": 1246.5890025271553,
            "min": 1240.646260015389,
            "max": 1246.5890025271553,
            "count": 19
        },
        "PlayerAgent.Self-play.ELO.sum": {
            "value": 1246.5890025271553,
            "min": 1240.646260015389,
            "max": 3739.767007581466,
            "count": 19
        },
        "PlayerAgent.Step.mean": {
            "value": 2999838.0,
            "min": 2799999.0,
            "max": 2999838.0,
            "count": 21
        },
        "PlayerAgent.Step.sum": {
            "value": 2999838.0,
            "min": 2799999.0,
            "max": 2999838.0,
            "count": 21
        },
        "PlayerAgent.Policy.ExtrinsicBaselineEstimate.mean": {
            "value": -0.13255275785923004,
            "min": -0.3780272305011749,
            "max": -0.12577193975448608,
            "count": 21
        },
        "PlayerAgent.Policy.ExtrinsicBaselineEstimate.sum": {
            "value": -6.760190486907959,
            "min": -10.794319152832031,
            "max": -1.1340817213058472,
            "count": 21
        },
        "PlayerAgent.Policy.ExtrinsicValueEstimate.mean": {
            "value": -0.13255275785923004,
            "min": -0.3780272305011749,
            "max": -0.12577193975448608,
            "count": 21
        },
        "PlayerAgent.Policy.ExtrinsicValueEstimate.sum": {
            "value": -6.760190486907959,
            "min": -10.794319152832031,
            "max": -1.1340817213058472,
            "count": 21
        },
        "PlayerAgent.Environment.CumulativeReward.mean": {
            "value": -0.12941178241196802,
            "min": -2.933333466450373,
            "max": -0.06415095981561912,
            "count": 21
        },
        "PlayerAgent.Environment.CumulativeReward.sum": {
            "value": -6.600000903010368,
            "min": -19.400001615285873,
            "max": -3.4000008702278137,
            "count": 21
        },
        "PlayerAgent.Policy.ExtrinsicReward.mean": {
            "value": -0.12941178241196802,
            "min": -2.933333466450373,
            "max": -0.06415095981561912,
            "count": 21
        },
        "PlayerAgent.Policy.ExtrinsicReward.sum": {
            "value": -6.600000903010368,
            "min": -19.400001615285873,
            "max": -3.4000008702278137,
            "count": 21
        },
        "PlayerAgent.Environment.GroupCumulativeReward.mean": {
            "value": 0.0,
            "min": 0.0,
            "max": 0.0,
            "count": 21
        },
        "PlayerAgent.Environment.GroupCumulativeReward.sum": {
            "value": 0.0,
            "min": 0.0,
            "max": 0.0,
            "count": 21
        },
        "PlayerAgent.IsTraining.mean": {
            "value": 1.0,
            "min": 1.0,
            "max": 1.0,
            "count": 21
        },
        "PlayerAgent.IsTraining.sum": {
            "value": 1.0,
            "min": 1.0,
            "max": 1.0,
            "count": 21
        },
        "PlayerAgent.Losses.PolicyLoss.mean": {
            "value": 0.016405941196717323,
            "min": 0.01289188577599513,
            "max": 0.019179325042447695,
            "count": 9
        },
        "PlayerAgent.Losses.PolicyLoss.sum": {
            "value": 0.016405941196717323,
            "min": 0.01289188577599513,
            "max": 0.019179325042447695,
            "count": 9
        },
        "PlayerAgent.Losses.ValueLoss.mean": {
            "value": 0.006179237132892012,
            "min": 0.002882331613606463,
            "max": 0.017367332925399145,
            "count": 9
        },
        "PlayerAgent.Losses.ValueLoss.sum": {
            "value": 0.006179237132892012,
            "min": 0.002882331613606463,
            "max": 0.017367332925399145,
            "count": 9
        },
        "PlayerAgent.Losses.BaselineLoss.mean": {
            "value": 0.007921469692761699,
            "min": 0.0029458304789538184,
            "max": 0.029957249760627747,
            "count": 9
        },
        "PlayerAgent.Losses.BaselineLoss.sum": {
            "value": 0.007921469692761699,
            "min": 0.0029458304789538184,
            "max": 0.029957249760627747,
            "count": 9
        },
        "PlayerAgent.Policy.LearningRate.mean": {
            "value": 0.0003,
            "min": 0.0003,
            "max": 0.0003,
            "count": 9
        },
        "PlayerAgent.Policy.LearningRate.sum": {
            "value": 0.0003,
            "min": 0.0003,
            "max": 0.0003,
            "count": 9
        },
        "PlayerAgent.Policy.Epsilon.mean": {
            "value": 0.20000000000000007,
            "min": 0.20000000000000007,
            "max": 0.20000000000000007,
            "count": 9
        },
        "PlayerAgent.Policy.Epsilon.sum": {
            "value": 0.20000000000000007,
            "min": 0.20000000000000007,
            "max": 0.20000000000000007,
            "count": 9
        },
        "PlayerAgent.Policy.Beta.mean": {
            "value": 0.005000000000000001,
            "min": 0.005000000000000001,
            "max": 0.005000000000000001,
            "count": 9
        },
        "PlayerAgent.Policy.Beta.sum": {
            "value": 0.005000000000000001,
            "min": 0.005000000000000001,
            "max": 0.005000000000000001,
            "count": 9
        }
    },
    "metadata": {
        "timer_format_version": "0.1.0",
        "start_time_seconds": "1624150323",
        "python_version": "3.8.5 (default, Sep  3 2020, 21:29:08) [MSC v.1916 64 bit (AMD64)]",
        "command_line_arguments": "C:\\Users\\berk9\\UnityProjects\\Unity-ML-test\\venv\\Scripts\\mlagents-learn --resume --run-id Berkant .\\configuration.yaml",
        "mlagents_version": "0.27.0",
        "mlagents_envs_version": "0.27.0",
        "communication_protocol_version": "1.5.0",
        "pytorch_version": "1.9.0+cu111",
        "numpy_version": "1.18.5",
        "end_time_seconds": "1624150937"
    },
    "total": 614.2380565,
    "count": 1,
    "self": 0.009748599999966245,
    "children": {
        "run_training.setup": {
            "total": 0.12442310000000001,
            "count": 1,
            "self": 0.12442310000000001
        },
        "TrainerController.start_learning": {
            "total": 614.1038848000001,
            "count": 1,
            "self": 0.3013671999979124,
            "children": {
                "TrainerController._reset_env": {
                    "total": 8.67685280000001,
                    "count": 3,
                    "self": 8.67685280000001
                },
                "TrainerController.advance": {
                    "total": 604.8639395000021,
                    "count": 13271,
                    "self": 0.3129136999976936,
                    "children": {
                        "env_step": {
                            "total": 527.9065146000052,
                            "count": 13271,
                            "self": 489.91235260000224,